datetime,count
2011-01-20 00:00:00,13.148705114695247
2011-01-20 01:00:00,6.7178863139605305
2011-01-20 02:00:00,4.9932226810873575
2011-01-20 03:00:00,3.595682116295096
2011-01-20 04:00:00,3.0802627474146744
2011-01-20 05:00:00,18.11343945340298
2011-01-20 06:00:00,68.40205952380953
2011-01-20 07:00:00,156.67480519480515
2011-01-20 08:00:00,338.7275030663781
2011-01-20 09:00:00,185.05356726043948
2011-01-20 10:00:00,104.22649233800861
2011-01-20 11:00:00,98.56232949359861
2011-01-20 12:00:00,162.34669344823777
2011-01-20 13:00:00,112.83318449536227
2011-01-20 14:00:00,129.69130732157961
2011-01-20 15:00:00,143.50542418984057
2011-01-20 16:00:00,121.78902725704717
2011-01-20 17:00:00,228.15777106090488
2011-01-20 18:00:00,179.45841694311449
2011-01-20 19:00:00,171.86825919913414
2011-01-20 20:00:00,90.37841627927543
2011-01-20 21:00:00,75.004205220149
2011-01-20 22:00:00,48.06667019159603
2011-01-20 23:00:00,29.078757154882155
2011-01-21 00:00:00,18.110565656565658
2011-01-21 01:00:00,7.419988910577728
2011-01-21 02:00:00,5.902844294594296
2011-01-21 03:00:00,2.8001734762766977
2011-01-21 04:00:00,2.815106774210272
2011-01-21 05:00:00,11.675865148740147
2011-01-21 06:00:00,50.69760119047619
2011-01-21 07:00:00,122.77105952380953
2011-01-21 08:00:00,219.94434523809525
2011-01-21 09:00:00,140.57750663225667
2011-01-21 10:00:00,62.8221815055561
2011-01-21 11:00:00,81.55110434438141
2011-01-21 12:00:00,106.34187456945216
2011-01-21 13:00:00,103.03997896505658
2011-01-21 14:00:00,99.35167705173353
2011-01-21 15:00:00,78.53874379624347
2011-01-21 16:00:00,77.36229627381887
2011-01-21 17:00:00,176.2339487179487
2011-01-21 18:00:00,164.29285564435565
2011-01-21 19:00:00,161.47989285714286
2011-01-21 20:00:00,82.09199057908148
2011-01-21 21:00:00,60.13719121403133
2011-01-21 22:00:00,37.90631421356422
2011-01-21 23:00:00,26.429357142857143
2011-01-22 00:00:00,38.36380952380953
2011-01-22 01:00:00,26.835
2011-01-22 02:00:00,33.62583333333333
2011-01-22 03:00:00,14.444
2011-01-22 04:00:00,3.3721510683760694
2011-01-22 06:00:00,5.76
2011-01-22 07:00:00,24.525
2011-01-22 08:00:00,42.3555
2011-01-22 09:00:00,64.17431260592149
2011-01-22 10:00:00,105.5712023809524
2011-01-22 11:00:00,116.4482857142857
2011-01-22 12:00:00,126.48620238095238
2011-01-22 13:00:00,146.44573587836894
2011-01-22 14:00:00,135.32261904761904
2011-01-22 15:00:00,131.81466877880183
2011-01-22 16:00:00,130.77369708994706
2011-01-22 17:00:00,128.3949140474221
2011-01-22 18:00:00,93.64976851851853
2011-01-22 19:00:00,57.130305400549695
2011-01-22 20:00:00,60.45592626508716
2011-01-22 21:00:00,59.43088919413921
2011-01-22 22:00:00,42.76805637254902
2011-01-22 23:00:00,20.6625
2011-01-23 00:00:00,34.56005952380952
2011-01-23 01:00:00,27.061807539682537
2011-01-23 02:00:00,21.30590914786968
2011-01-23 03:00:00,22.608166666666666
2011-01-23 05:00:00,3.6781157287157287
2011-01-23 06:00:00,4.294
2011-01-23 07:00:00,9.735202380952382
2011-01-23 08:00:00,32.39733333333333
2011-01-23 09:00:00,54.69382819794584
2011-01-23 10:00:00,66.13308333333333
2011-01-23 11:00:00,130.78793915343917
2011-01-23 12:00:00,77.88228625541124
2011-01-23 13:00:00,98.75102435064933
2011-01-23 14:00:00,117.41587662337665
2011-01-23 15:00:00,108.91087662337662
2011-01-23 16:00:00,119.62630952380952
2011-01-23 17:00:00,95.11166666666668
2011-01-23 18:00:00,113.85938215488216
2011-01-23 19:00:00,57.77739342701202
2011-01-23 20:00:00,48.09866484265128
2011-01-23 21:00:00,54.32742617105117
2011-01-23 22:00:00,36.79858333333333
2011-01-23 23:00:00,22.269000000000002
2011-01-24 00:00:00,10.832028423331051
2011-01-24 01:00:00,5.001647654377678
2011-01-24 03:00:00,1.8003437743888973
2011-01-24 04:00:00,2.216710901384819
2011-01-24 05:00:00,10.049821428571427
2011-01-24 06:00:00,45.505
2011-01-24 07:00:00,114.53
2011-01-24 08:00:00,240.12576190476193
2011-01-24 09:00:00,155.0887117763772
2011-01-24 10:00:00,59.507410520543544
2011-01-24 11:00:00,61.2933501424093
2011-01-24 12:00:00,64.52041659750206
2011-01-24 13:00:00,60.25287343956682
2011-01-24 14:00:00,60.25924186852349
2011-01-24 15:00:00,69.98203123445006
2011-01-24 16:00:00,64.5639154474147
2011-01-24 17:00:00,128.3730376984127
2011-01-24 18:00:00,128.85264556277056
2011-01-24 19:00:00,113.91472222222222
2011-01-24 20:00:00,86.7110165150941
2011-01-24 21:00:00,49.64230222937981
2011-01-24 22:00:00,27.044571428571427
2011-01-24 23:00:00,23.380018578643575
2011-01-25 00:00:00,9.942920468785601
2011-01-25 01:00:00,4.122483642449223
2011-01-25 02:00:00,2.590635090542981
2011-01-25 04:00:00,2.259049424521227
2011-01-25 05:00:00,10.718119204260649
2011-01-25 06:00:00,50.362545634920636
2011-01-25 07:00:00,102.77406837606839
2011-01-25 08:00:00,348.75935732323234
2011-01-25 09:00:00,186.46497083480622
2011-01-25 10:00:00,82.75532208516111
2011-01-25 11:00:00,83.55965674353305
2011-01-25 12:00:00,96.29889298210607
2011-01-25 13:00:00,92.21787539826124
2011-01-25 14:00:00,132.19272826599774
2011-01-25 15:00:00,132.5864850715755
2011-01-25 16:00:00,158.72107414885684
2011-01-25 17:00:00,268.4079309452802
2011-01-25 18:00:00,208.28788470082546
2011-01-25 19:00:00,127.14949501302792
2011-01-25 20:00:00,76.40184127623455
2011-01-25 21:00:00,67.6459540135641
2011-01-25 22:00:00,51.03212455100606
2011-01-25 23:00:00,22.77312373737374
2011-01-26 00:00:00,11.70346489658003
2011-01-26 01:00:00,6.248080709302045
2011-01-26 02:00:00,3.9140873209576394
2011-01-26 05:00:00,7.415388471177945
2011-01-26 06:00:00,58.79564285714286
2011-01-26 07:00:00,136.34039285714286
2011-01-26 08:00:00,231.66828571428573
2011-01-26 09:00:00,192.9645021645022
2011-01-26 10:00:00,60.9271321412922
2011-01-26 11:00:00,35.734872668820245
2011-01-26 12:00:00,33.55835364454387
2011-01-26 13:00:00,31.631558189998415
2011-01-26 14:00:00,31.302494047619053
2011-01-26 15:00:00,31.544690476190482
2011-01-26 16:00:00,39.70175793650793
2011-01-26 17:00:00,130.3492738095238
2011-01-27 16:00:00,85.6688028264245
2011-01-27 17:00:00,175.5219036686641
2011-01-27 18:00:00,172.40365169355067
2011-01-27 19:00:00,123.32073738177027
2011-01-27 20:00:00,76.43500150580398
2011-01-27 21:00:00,63.092481485034526
2011-01-27 22:00:00,43.20707444475029
2011-01-27 23:00:00,27.526799001924005
2011-01-28 00:00:00,17.770440476190476
2011-01-28 01:00:00,6.743627971999398
2011-01-28 02:00:00,3.2964113640988644
2011-01-28 03:00:00,2.698903744587312
2011-01-28 05:00:00,13.6836176858674
2011-01-28 06:00:00,64.49273412698412
2011-01-28 07:00:00,169.87324981962485
2011-01-28 08:00:00,359.86520075757574
2011-01-28 09:00:00,188.56813690476193
2011-01-28 10:00:00,64.4968028055039
2011-01-28 11:00:00,59.9743201355251
2011-01-28 12:00:00,61.42744459864367
2011-01-28 13:00:00,61.962884714083785
2011-01-28 14:00:00,62.14501266649805
2011-01-28 15:00:00,66.92531805636541
2011-01-28 16:00:00,70.68747343726804
2011-01-28 17:00:00,192.0102112023178
2011-01-28 18:00:00,187.34736297321965
2011-01-28 19:00:00,123.2106200130279
2011-01-28 20:00:00,78.16079202068904
2011-01-28 21:00:00,61.82177746675636
2011-01-28 22:00:00,52.30169483868098
2011-01-28 23:00:00,33.37386050986051
2011-01-29 00:00:00,31.644920634920638
2011-01-29 01:00:00,25.16917471988796
2011-01-29 02:00:00,19.56064537569414
2011-01-29 03:00:00,15.07281764069264
2011-01-29 04:00:00,3.831226196679138
2011-01-29 06:00:00,3.833571428571428
2011-01-29 07:00:00,10.29775
2011-01-29 08:00:00,53.98704166666666
2011-01-29 09:00:00,88.16313620211403
2011-01-29 10:00:00,118.61602571808108
2011-01-29 11:00:00,90.97487567385286
2011-01-29 12:00:00,106.42965389384075
2011-01-29 13:00:00,148.25456592771332
2011-01-29 14:00:00,147.08314445335435
2011-01-29 15:00:00,159.9414926668972
2011-01-29 16:00:00,151.31655958608917
2011-01-29 17:00:00,161.09993051907767
2011-01-29 18:00:00,118.04538900682651
2011-01-29 19:00:00,74.43480065567425
2011-01-29 20:00:00,75.83355186770564
2011-01-29 21:00:00,61.7596130473112
2011-01-29 22:00:00,38.34309176691041
2011-01-29 23:00:00,27.384976190476195
2011-01-30 00:00:00,42.03833333333334
2011-01-30 01:00:00,30.11719246031746
2011-01-30 02:00:00,23.96928017961571
2011-01-30 03:00:00,14.464
2011-01-30 04:00:00,6.2043888888888885
2011-01-30 05:00:00,5.432180555555556
2011-01-30 07:00:00,11.137499999999998
2011-01-30 08:00:00,44.23326923076923
2011-01-30 09:00:00,76.58561955969198
2011-01-30 10:00:00,145.4384265909529
2011-01-30 11:00:00,157.94067709045342
2011-01-30 12:00:00,197.46766283438788
2011-01-30 13:00:00,168.20963984447454
2011-01-30 14:00:00,180.39301267997237
2011-01-30 15:00:00,161.72403878066376
2011-01-30 16:00:00,152.12433639971138
2011-01-30 17:00:00,142.2422668286015
2011-01-30 18:00:00,113.42510855810856
2011-01-30 19:00:00,52.26642206761082
2011-01-30 20:00:00,46.48481931465729
2011-01-30 21:00:00,48.886622338151085
2011-01-30 22:00:00,41.254332020757026
2011-01-30 23:00:00,17.032527777777776
2011-01-31 00:00:00,14.064374833864967
2011-01-31 01:00:00,4.2811738011124945
2011-01-31 02:00:00,3.4598063654236655
2011-01-31 03:00:00,2.889000651328567
2011-01-31 04:00:00,2.834838437565198
2011-01-31 05:00:00,6.27707287157287
2011-01-31 06:00:00,51.11743055555556
2011-01-31 07:00:00,127.42126282051282
2011-01-31 08:00:00,258.7422380952381
2011-01-31 09:00:00,115.19293272005771
2011-01-31 10:00:00,82.99461051391772
2011-01-31 11:00:00,85.86096765677489
2011-01-31 12:00:00,72.73954625846436
2011-01-31 13:00:00,76.66881989205997
2011-01-31 14:00:00,82.41807078926206
2011-01-31 15:00:00,88.91867928981938
2011-01-31 16:00:00,81.90917814946937
2011-01-31 17:00:00,129.17546699134198
2011-01-31 18:00:00,121.60760588023084
2011-01-31 19:00:00,192.12081295787542
2011-01-31 20:00:00,79.52900641025641
2011-01-31 21:00:00,53.76874660062159
2011-01-31 22:00:00,39.72830354269912
2011-01-31 23:00:00,17.91506222943723
2011-02-20 00:00:00,47.0
2011-02-20 01:00:00,34.66571428571429
2011-02-20 02:00:00,32.02021428571429
2011-02-20 03:00:00,12.759951923076924
2011-02-20 04:00:00,3.7406866695396106
2011-02-20 06:00:00,4.262386904761906
2011-02-20 07:00:00,17.901630952380952
2011-02-20 08:00:00,53.61971031746031
2011-02-20 09:00:00,75.5614517901153
2011-02-20 10:00:00,172.6245770441432
2011-02-20 11:00:00,195.82775054112554
2011-02-20 12:00:00,219.02533426295923
2011-02-20 13:00:00,232.0588522727273
2011-02-20 14:00:00,262.75479816017315
2011-02-20 15:00:00,282.58173214285716
2011-02-20 16:00:00,270.82024404761904
2011-02-20 17:00:00,237.44672077922078
2011-02-20 18:00:00,214.7349257703081
2011-02-20 19:00:00,122.7202206783457
2011-02-20 20:00:00,118.248538997114
2011-02-20 21:00:00,112.23902402597403
2011-02-20 22:00:00,78.75413483653429
2011-02-20 23:00:00,44.773452380952385
2011-02-21 00:00:00,35.90464285714286
2011-02-21 01:00:00,25.094049873737376
2011-02-21 02:00:00,12.743597582972583
2011-02-21 03:00:00,4.358996684031166
2011-02-21 04:00:00,3.7445933925999237
2011-02-21 05:00:00,13.726621212121211
2011-02-21 06:00:00,21.165
2011-02-21 07:00:00,253.1325
2011-02-21 08:00:00,258.98446825396826
2011-02-21 09:00:00,191.31959605473327
2011-02-21 10:00:00,110.89141387978204
2011-02-21 11:00:00,88.35589763208651
2011-02-21 12:00:00,97.08555508591425
2011-02-21 13:00:00,85.36596728342698
2011-02-21 14:00:00,86.98968728168879
2011-02-21 15:00:00,100.27060654641906
2011-02-21 16:00:00,91.7822558351736
2011-02-21 17:00:00,151.69149101731603
2011-02-21 18:00:00,139.84481495215311
2011-02-21 19:00:00,140.129375
2011-02-21 20:00:00,88.3734007936508
2011-02-21 21:00:00,60.823499999999996
2011-02-21 22:00:00,41.541000000000004
2011-02-21 23:00:00,19.81910984848485
2011-02-22 06:00:00,53.76431818181818
2011-02-22 07:00:00,135.33175
2011-02-22 08:00:00,254.48799999999994
2011-02-22 09:00:00,135.31373082717934
2011-02-22 10:00:00,54.5088475606519
2011-02-22 11:00:00,73.99347129470185
2011-02-22 12:00:00,75.03958011482264
2011-02-22 13:00:00,81.07741535431026
2011-02-22 14:00:00,82.85001508396323
2011-02-22 15:00:00,88.13834045272684
2011-02-22 16:00:00,79.14107265545145
2011-02-22 17:00:00,178.39931087177192
2011-02-22 18:00:00,167.6630830530409
2011-02-22 19:00:00,126.25057393483706
2011-02-22 20:00:00,68.36881899581927
2011-02-22 21:00:00,55.65663543800673
2011-02-22 22:00:00,38.41155357142857
2011-02-22 23:00:00,30.72843055555555
2011-02-23 00:00:00,13.112157662147798
2011-02-23 01:00:00,6.04460009317966
2011-02-23 02:00:00,2.7260927677302864
2011-02-23 03:00:00,1.4830105756320264
2011-02-23 05:00:00,6.125743548118549
2011-02-23 06:00:00,44.57819444444444
2011-02-23 07:00:00,114.67560714285715
2011-02-23 08:00:00,292.90565151515153
2011-02-23 09:00:00,190.1761619669012
2011-02-23 10:00:00,91.92419390937506
2011-02-23 11:00:00,99.16227525883887
2011-02-23 12:00:00,88.7471978486467
2011-02-23 13:00:00,97.51310780635879
2011-02-23 14:00:00,123.58349918827994
2011-02-23 15:00:00,123.80932043614568
2011-02-23 16:00:00,153.67668137162096
2011-02-23 17:00:00,295.6968231721838
2011-02-23 18:00:00,285.57792512578584
2011-02-23 19:00:00,249.97044191919187
2011-02-23 20:00:00,84.8370835994131
2011-02-23 21:00:00,78.62792287394751
2011-02-23 22:00:00,56.3707123947006
2011-02-23 23:00:00,35.73025793650794
2011-02-24 00:00:00,13.50823876817627
2011-02-24 01:00:00,6.718096355552923
2011-02-24 02:00:00,2.7342462034569497
2011-02-24 03:00:00,2.3213883417400663
2011-02-24 05:00:00,13.02790512071927
2011-02-24 06:00:00,60.50027254689754
2011-02-24 07:00:00,187.94526401376402
2011-02-24 08:00:00,437.6865582056831
2011-02-24 09:00:00,216.48827693385408
2011-02-24 10:00:00,98.96538517224805
2011-02-24 11:00:00,105.1354281480958
2011-02-24 12:00:00,137.33164581089684
2011-02-24 13:00:00,110.40283783035522
2011-02-24 14:00:00,137.750835912449
2011-02-24 15:00:00,70.32399975351446
2011-02-24 16:00:00,72.4466437673953
2011-02-24 17:00:00,225.72306215525242
2011-02-24 18:00:00,194.6124222945081
2011-02-24 19:00:00,121.38263636363635
2011-02-24 20:00:00,87.71678301216232
2011-02-24 21:00:00,84.94448755070295
2011-02-24 22:00:00,44.290166666666664
2011-02-24 23:00:00,53.37683432539682
2011-02-25 00:00:00,17.005
2011-02-25 01:00:00,14.3405625
2011-02-25 02:00:00,9.604435956680677
2011-02-25 03:00:00,2.6209503289765768
2011-02-25 05:00:00,12.819795690205908
2011-02-25 06:00:00,69.16908585858586
2011-02-25 07:00:00,227.46416666666664
2011-02-25 08:00:00,311.41207142857144
2011-02-25 09:00:00,145.90256493506493
2011-02-25 10:00:00,62.638732323232325
2011-02-25 11:00:00,154.50386743811742
2011-02-25 12:00:00,158.49272023809522
2011-02-25 13:00:00,156.80438690476188
2011-02-25 14:00:00,166.61309523809524
2011-02-25 15:00:00,184.31511137080062
2011-02-25 16:00:00,133.85357419487895
2011-02-25 17:00:00,221.75184202308304
2011-02-25 18:00:00,187.07989811295084
2011-02-25 19:00:00,137.299899122807
2011-02-25 20:00:00,135.18758309888034
2011-02-25 21:00:00,102.80523062480668
2011-02-25 22:00:00,63.112549470704735
2011-02-25 23:00:00,48.66798659211158
2011-02-26 00:00:00,41.996694444444444
2011-02-26 01:00:00,37.59337896825397
2011-02-26 02:00:00,20.587540100250624
2011-02-26 03:00:00,17.427486291486293
2011-02-26 04:00:00,4.131692924395866
2011-02-26 05:00:00,3.64373217599394
2011-02-26 06:00:00,4.874555555555555
2011-02-26 07:00:00,10.567666666666666
2011-02-26 08:00:00,57.438523809523815
2011-02-26 09:00:00,95.03232293092377
2011-02-26 10:00:00,205.60378237394755
2011-02-26 11:00:00,248.1760863611772
2011-02-26 12:00:00,247.69575183055696
2011-02-26 13:00:00,248.09846676711916
2011-02-26 14:00:00,185.76753602756887
2011-02-26 15:00:00,231.9270451087655
2011-02-26 16:00:00,182.32660191495015
2011-02-26 17:00:00,277.6006611652236
2011-02-26 18:00:00,164.51906257398062
2011-02-26 19:00:00,92.86920924518567
2011-02-26 20:00:00,83.78578149227086
2011-02-26 21:00:00,71.20297093363541
2011-02-26 22:00:00,72.40201232386272
2011-02-26 23:00:00,51.97863260582011
2011-02-27 00:00:00,50.376444444444445
2011-02-27 01:00:00,42.95214646464647
2011-02-27 02:00:00,34.65768638452191
2011-02-27 03:00:00,14.612638888888887
2011-02-27 04:00:00,7.893379453879453
2011-02-27 06:00:00,5.007513888888888
2011-02-27 07:00:00,17.1070303030303
2011-02-27 08:00:00,64.96660256410256
2011-02-27 09:00:00,62.32333652729384
2011-02-27 10:00:00,173.0868900498296
2011-02-27 11:00:00,221.81471463499412
2011-02-27 12:00:00,228.1143945834674
2011-02-27 13:00:00,244.7235444710068
2011-02-27 14:00:00,277.5774194710068
2011-02-27 15:00:00,363.4388193076081
2011-02-27 16:00:00,355.5511527777778
2011-02-27 17:00:00,209.86075543478265
2011-02-27 18:00:00,184.34402631083637
2011-02-27 19:00:00,103.37379470991974
2011-02-27 20:00:00,97.81302314814815
2011-02-27 21:00:00,90.45222496347122
2011-02-27 22:00:00,79.36428754578755
2011-02-27 23:00:00,58.76134523809524
2011-02-28 00:00:00,17.41798264929515
2011-02-28 01:00:00,5.440531114718613
2011-02-28 03:00:00,2.0412658578136096
2011-02-28 05:00:00,13.36626680672269
2011-02-28 06:00:00,63.54833333333333
2011-02-28 07:00:00,269.46916666666664
2011-02-28 08:00:00,346.4391666666667
2011-02-28 09:00:00,328.09165277777777
2011-02-28 10:00:00,142.81858094619375
2011-02-28 11:00:00,156.70482757424202
2011-02-28 12:00:00,168.05777234866687
2011-02-28 13:00:00,94.66417929292929
2011-02-28 14:00:00,86.46809595959596
2011-02-28 15:00:00,88.51809595959595
2011-02-28 16:00:00,107.63823232323232
2011-02-28 17:00:00,167.62199999999996
2011-02-28 18:00:00,236.67700000000002
2011-02-28 19:00:00,204.29
2011-02-28 20:00:00,99.04763167388165
2011-02-28 21:00:00,94.03830474045766
2011-02-28 22:00:00,52.39188095238095
2011-02-28 23:00:00,36.69253697691198
2011-03-20 00:00:00,56.288301587301575
2011-03-20 01:00:00,49.74199567099568
2011-03-20 02:00:00,38.545677005012536
2011-03-20 03:00:00,19.525547161172163
2011-03-20 04:00:00,6.536291796799691
2011-03-20 05:00:00,5.863378818975142
2011-03-20 06:00:00,5.2627202380952385
2011-03-20 07:00:00,17.86767261904762
2011-03-20 08:00:00,64.87598412698412
2011-03-20 09:00:00,99.40398057706041
2011-03-20 10:00:00,231.89393916511926
2011-03-20 11:00:00,303.46610844710847
2011-03-20 12:00:00,337.2263402292153
2011-03-20 13:00:00,361.51636985428354
2011-03-20 14:00:00,352.24509685644813
2011-03-20 15:00:00,365.90473642521266
2011-03-20 16:00:00,383.5075932539683
2011-03-20 17:00:00,284.4901685305436
2011-03-20 18:00:00,211.65008041726793
2011-03-20 19:00:00,107.16046226590628
2011-03-20 20:00:00,103.70853171035073
2011-03-20 21:00:00,89.99904693384102
2011-03-20 22:00:00,61.60885714285713
2011-03-20 23:00:00,42.172912698412695
2011-03-21 00:00:00,17.34324242424243
2011-03-21 01:00:00,7.192219951617012
2011-03-21 02:00:00,6.009125098174082
2011-03-21 03:00:00,2.6240503761106027
2011-03-21 05:00:00,8.86579437229437
2011-03-21 06:00:00,55.04354166666667
2011-03-21 07:00:00,141.135
2011-03-21 08:00:00,359.8125
2011-03-21 09:00:00,188.37076769609536
2011-03-21 10:00:00,86.48876389546469
2011-03-21 11:00:00,105.70659461305246
2011-03-21 12:00:00,118.22745442427271
2011-03-21 13:00:00,156.5031213568137
2011-03-21 14:00:00,165.03397480916226
2011-03-21 15:00:00,194.13492507880844
2011-03-21 16:00:00,220.36005902873106
2011-03-21 17:00:00,540.1609255513567
2011-03-21 18:00:00,580.1391595580907
2011-03-21 19:00:00,446.7292895028359
2011-03-21 20:00:00,271.30774235016065
2011-03-21 21:00:00,149.81865291941116
2011-03-21 22:00:00,115.38745034528964
2011-03-21 23:00:00,58.752690476190466
2011-03-22 00:00:00,31.592510416666663
2011-03-22 01:00:00,7.748115079365078
2011-03-22 02:00:00,6.964482433607173
2011-03-22 03:00:00,3.6659908977116884
2011-03-22 04:00:00,3.1742176826703403
2011-03-22 05:00:00,21.70251813993512
2011-03-22 06:00:00,74.1040705128205
2011-03-22 07:00:00,320.34083333333336
2011-03-22 08:00:00,389.6852401173388
2011-03-22 09:00:00,283.61968048781284
2011-03-22 10:00:00,113.43633536572511
2011-03-22 11:00:00,142.42998190976903
2011-03-22 12:00:00,175.88585411981435
2011-03-22 13:00:00,174.59487575193555
2011-03-22 14:00:00,183.1400185521575
2011-03-22 15:00:00,185.4727967937276
2011-03-22 16:00:00,247.64476058541746
2011-03-22 17:00:00,501.7019292029932
2011-03-22 18:00:00,366.413100753744
2011-03-22 19:00:00,255.04225473833876
2011-03-22 20:00:00,142.6291891464159
2011-03-22 21:00:00,128.74809527084759
2011-03-22 22:00:00,95.1346645502385
2011-03-22 23:00:00,57.612632215007224
2011-03-23 00:00:00,18.038995533061712
2011-03-23 01:00:00,7.402545392007348
2011-03-23 02:00:00,4.901775442887935
2011-03-23 03:00:00,2.6269869913558193
2011-03-23 05:00:00,8.406806561859195
2011-03-23 06:00:00,61.75132051282051
2011-03-23 07:00:00,186.92300793650793
2011-03-23 08:00:00,341.1164534632034
2011-03-23 09:00:00,182.45304620286822
2011-03-23 10:00:00,88.48831321936954
2011-03-23 11:00:00,75.82296721346127
2011-03-23 12:00:00,71.54511834133116
2011-03-23 13:00:00,64.32521787234187
2011-03-23 14:00:00,91.0494764523304
2011-03-23 15:00:00,88.8658759932894
2011-03-23 16:00:00,137.12909212919948
2011-03-23 17:00:00,328.4392391819996
2011-03-23 18:00:00,168.76277777777779
2011-03-23 19:00:00,153.0680277777778
2011-03-23 20:00:00,53.98252872944049
2011-03-23 21:00:00,53.070822809543394
2011-03-23 22:00:00,49.8435350140056
2011-03-23 23:00:00,40.5840376984127
2011-03-24 00:00:00,14.336655525846702
2011-03-24 01:00:00,6.426280922780922
2011-03-24 02:00:00,4.985627728508685
2011-03-24 03:00:00,2.4255721274559328
2011-03-24 04:00:00,2.1905257140542465
2011-03-24 05:00:00,10.477350615844426
2011-03-24 06:00:00,48.23666666666667
2011-03-24 07:00:00,109.1825
2011-03-24 08:00:00,184.29125
2011-03-24 09:00:00,151.35329205273285
2011-03-24 10:00:00,64.41516558286318
2011-03-24 11:00:00,93.7730404594478
2011-03-24 12:00:00,86.27899040428677
2011-03-24 13:00:00,85.58915727865696
2011-03-24 14:00:00,81.86462295746584
2011-03-24 15:00:00,80.88465308118664
2011-03-24 16:00:00,99.2139173242668
2011-03-24 17:00:00,244.73607735291773
2011-03-24 18:00:00,234.1458151269369
2011-03-24 19:00:00,167.35272601854666
2011-03-24 20:00:00,98.84716688365943
2011-03-24 21:00:00,91.25354374686967
2011-03-24 22:00:00,72.54524819866124
2011-03-24 23:00:00,43.01185515873016
2011-03-25 00:00:00,18.202857864357867
2011-03-25 01:00:00,9.522381374663984
2011-03-25 02:00:00,3.7748343392718398
2011-03-25 03:00:00,3.493307737803531
2011-03-25 04:00:00,2.2689947231273706
2011-03-25 05:00:00,10.243698640540744
2011-03-25 06:00:00,52.54793452380952
2011-03-25 07:00:00,176.10635714285715
2011-03-25 08:00:00,328.90754058441553
2011-03-25 09:00:00,211.75504106688794
2011-03-25 10:00:00,103.04146067621821
2011-03-25 11:00:00,116.05059892530154
2011-03-25 12:00:00,116.97751682312673
2011-03-25 13:00:00,141.56963622850822
2011-03-25 14:00:00,204.58905824022335
2011-03-25 15:00:00,158.04849336860045
2011-03-25 16:00:00,172.68177273000833
2011-03-25 17:00:00,331.25820179235967
2011-03-25 18:00:00,255.4310748277724
2011-03-25 19:00:00,229.8311074561404
2011-03-25 20:00:00,134.2767917226724
2011-03-25 21:00:00,119.90249245328587
2011-03-25 22:00:00,80.31804798856112
2011-03-25 23:00:00,57.249287518037505
2011-03-26 00:00:00,64.638
2011-03-26 01:00:00,48.2275
2011-03-26 02:00:00,31.364339285714287
2011-03-26 03:00:00,16.823656468531468
2011-03-26 04:00:00,6.567214285714287
2011-03-26 05:00:00,5.25535397004956
2011-03-26 06:00:00,13.308708333333332
2011-03-26 07:00:00,36.07120995670996
2011-03-26 08:00:00,103.35852777777777
2011-03-26 09:00:00,129.05102231418346
2011-03-26 10:00:00,202.0788755411255
2011-03-26 11:00:00,226.9650687229437
2011-03-26 12:00:00,251.578536976912
2011-03-26 13:00:00,280.236739940615
2011-03-26 14:00:00,288.9328817155067
2011-03-26 15:00:00,304.45632485569985
2011-03-26 16:00:00,323.7091105699855
2011-03-26 17:00:00,254.96914312076808
2011-03-26 18:00:00,247.0458116883117
2011-03-26 19:00:00,104.93303303335566
2011-03-26 20:00:00,100.07781081113345
2011-03-26 21:00:00,90.3555937908633
2011-03-26 22:00:00,76.15967254996464
2011-03-26 23:00:00,53.559154581529576
2011-03-27 00:00:00,64.953
2011-03-27 01:00:00,44.11239285714286
2011-03-27 02:00:00,24.379879385964912
2011-03-27 03:00:00,16.52573214285714
2011-03-27 04:00:00,5.882258405483404
2011-03-27 06:00:00,13.44788888888889
2011-03-27 07:00:00,26.89279166666667
2011-03-27 08:00:00,62.65645238095238
2011-03-27 09:00:00,88.18961364253178
2011-03-27 10:00:00,160.3091203676927
2011-03-27 11:00:00,195.60398192796416
2011-03-27 12:00:00,238.882517032967
2011-03-27 13:00:00,255.0784523809524
2011-03-27 14:00:00,293.3365509074259
2011-03-27 15:00:00,294.1841964285714
2011-03-27 16:00:00,285.6045238095238
2011-03-27 17:00:00,252.12724106449102
2011-03-27 18:00:00,200.00831708732443
2011-03-27 19:00:00,124.32769730361423
2011-03-27 20:00:00,98.94252743273994
2011-03-27 21:00:00,91.95531838569707
2011-03-27 22:00:00,68.71929212454212
2011-03-27 23:00:00,43.97108333333335
2011-03-28 00:00:00,15.646268578643578
2011-03-28 01:00:00,5.835049546185071
2011-03-28 02:00:00,3.781029074860027
2011-03-28 03:00:00,2.2075359507811374
2011-03-28 05:00:00,10.693376984126983
2011-03-28 06:00:00,45.50541666666666
2011-03-28 07:00:00,161.0901913919414
2011-03-28 08:00:00,321.5139393939394
2011-03-28 09:00:00,233.76741179653675
2011-03-28 10:00:00,131.42540134853456
2011-03-28 11:00:00,132.749752054642
2011-03-28 12:00:00,141.30801094631505
2011-03-28 13:00:00,136.78282260344614
2011-03-28 14:00:00,144.18321734994845
2011-03-28 15:00:00,146.10871336361134
2011-03-28 16:00:00,160.72829809199374
2011-03-28 17:00:00,345.9422382062382
2011-03-28 18:00:00,328.12172267828794
2011-03-28 19:00:00,231.31690277777776
2011-03-28 20:00:00,183.39470445503073
2011-03-28 21:00:00,152.4150707416938
2011-03-28 22:00:00,77.8660918120622
2011-03-28 23:00:00,55.29662878787878
2011-03-29 00:00:00,14.717931124431125
2011-03-29 01:00:00,4.071940630419035
2011-03-29 02:00:00,5.5595071488427354
2011-03-29 03:00:00,2.515115144047846
2011-03-29 04:00:00,2.13693794992018
2011-03-29 05:00:00,11.049059523809523
2011-03-29 06:00:00,55.05208333333334
2011-03-29 07:00:00,173.0606913919414
2011-03-29 08:00:00,340.70010606060606
2011-03-29 09:00:00,249.81118163780667
2011-03-29 10:00:00,123.48581464938326
2011-03-29 11:00:00,127.52204801036521
2011-03-29 12:00:00,157.46484720785992
2011-03-29 13:00:00,137.92753541705278
2011-03-29 14:00:00,162.38800361857767
2011-03-29 15:00:00,160.62470041860118
2011-03-29 16:00:00,190.8805389924976
2011-03-29 17:00:00,353.88812155388473
2011-03-29 18:00:00,318.13596137196134
2011-03-29 19:00:00,252.24157851870348
2011-03-29 20:00:00,175.95311002054365
2011-03-29 21:00:00,124.54226007746176
2011-03-29 22:00:00,103.93892372904872
2011-03-29 23:00:00,59.21491269841272
2011-03-30 00:00:00,21.086200667388166
2011-03-30 01:00:00,10.048395003216594
2011-03-30 02:00:00,4.58212441018505
2011-03-30 03:00:00,3.1290611752139927
2011-03-30 04:00:00,3.2590798624979715
2011-03-30 05:00:00,21.08329265153334
2011-03-30 06:00:00,92.59511528822057
2011-03-30 07:00:00,259.72767857142856
2011-03-30 08:00:00,427.99185914085916
2011-03-30 09:00:00,261.7206967975622
2011-03-30 10:00:00,127.63209266068307
2011-03-30 11:00:00,124.42616535344924
2011-03-30 12:00:00,136.46077415606092
2011-03-30 13:00:00,133.311806694257
2011-03-30 14:00:00,130.88999660107262
2011-03-30 15:00:00,57.44689035096404
2011-03-30 16:00:00,61.838189251210544
2011-03-30 17:00:00,147.31422510822512
2011-03-30 18:00:00,195.87242752525256
2011-03-30 19:00:00,145.04301497114
2011-03-30 20:00:00,62.81204817568052
2011-03-30 21:00:00,68.00038279416661
2011-03-30 22:00:00,61.00287415035944
2011-03-30 23:00:00,33.562041666666666
2011-03-31 00:00:00,8.407
2011-03-31 01:00:00,5.414747262625924
2011-03-31 02:00:00,4.3319439207976105
2011-03-31 03:00:00,2.4976331122255795
2011-03-31 04:00:00,2.3677399429483144
2011-03-31 05:00:00,9.309102016404648
2011-03-31 06:00:00,34.06166666666667
2011-03-31 07:00:00,106.06125
2011-03-31 08:00:00,302.1205447330447
2011-03-31 09:00:00,137.76889348370926
2011-03-31 10:00:00,54.45254844199916
2011-03-31 11:00:00,53.44091956210714
2011-03-31 12:00:00,54.020447917085484
2011-03-31 13:00:00,51.13305805230609
2011-03-31 14:00:00,48.75885109259912
2011-03-31 15:00:00,51.421521696957235
2011-03-31 16:00:00,78.99205324616925
2011-03-31 17:00:00,224.3528793834746
2011-03-31 18:00:00,244.7885828004111
2011-03-31 19:00:00,202.10445181693092
2011-03-31 20:00:00,61.17485517423751
2011-03-31 21:00:00,65.34871126014507
2011-03-31 22:00:00,51.13884670231729
2011-03-31 23:00:00,45.73526587301588
2011-04-20 00:00:00,31.689826933483186
2011-04-20 01:00:00,7.6139817104192105
2011-04-20 02:00:00,8.094203029457725
2011-04-20 03:00:00,3.678556218806806
2011-04-20 04:00:00,3.8180591196076104
2011-04-20 05:00:00,19.381225233916403
2011-04-20 06:00:00,80.82321336996337
2011-04-20 07:00:00,310.135
2011-04-20 08:00:00,561.9828900269417
2011-04-20 09:00:00,291.3692757441569
2011-04-20 10:00:00,177.00981026174043
2011-04-20 11:00:00,199.45330521053754
2011-04-20 12:00:00,217.32054187924115
2011-04-20 13:00:00,215.09065545865428
2011-04-20 14:00:00,210.30583964400296
2011-04-20 15:00:00,199.55576861976414
2011-04-20 16:00:00,375.56287502097496
2011-04-20 17:00:00,612.660351884895
2011-04-20 18:00:00,540.9276841632043
2011-04-20 19:00:00,490.99217251456344
2011-04-20 20:00:00,327.55546151428774
2011-04-20 21:00:00,258.8860915031516
2011-04-20 22:00:00,185.2191883252652
2011-04-20 23:00:00,132.05246499334
2011-04-21 00:00:00,44.0921602474323
2011-04-21 01:00:00,16.38163771099325
2011-04-21 02:00:00,12.243864530651338
2011-04-21 03:00:00,4.368339621116187
2011-04-21 04:00:00,3.952055128164095
2011-04-21 05:00:00,25.41621061808562
2011-04-21 06:00:00,94.43843274853803
2011-04-21 07:00:00,293.21172619047616
2011-04-21 08:00:00,468.1460454545454
2011-04-21 09:00:00,270.6051969141969
2011-04-21 10:00:00,185.43288711654023
2011-04-21 11:00:00,197.67258339816973
2011-04-21 12:00:00,224.5080791719515
2011-04-21 13:00:00,228.99667974391042
2011-04-21 14:00:00,206.91118223713994
2011-04-21 15:00:00,215.8498853348838
2011-04-21 16:00:00,316.1593274136202
2011-04-21 17:00:00,692.3139323189707
2011-04-21 18:00:00,586.1136114345194
2011-04-21 19:00:00,391.42809004883986
2011-04-21 20:00:00,283.6836551340837
2011-04-21 21:00:00,200.64880423504366
2011-04-21 22:00:00,156.4252426574145
2011-04-21 23:00:00,112.10354996229262
2011-04-22 00:00:00,35.34032905982907
2011-04-22 01:00:00,23.34392276269482
2011-04-22 02:00:00,9.912789571539571
2011-04-22 03:00:00,6.619038285903535
2011-04-22 04:00:00,4.993644568884998
2011-04-22 05:00:00,20.30171340877318
2011-04-22 06:00:00,82.09516687552215
2011-04-22 07:00:00,262.2559274891775
2011-04-22 08:00:00,463.5494471639471
2011-04-22 09:00:00,257.0932856180826
2011-04-22 10:00:00,106.7837725681385
2011-04-22 11:00:00,74.88538124677254
2011-04-22 12:00:00,69.12031577058205
2011-04-22 13:00:00,60.914428095693374
2011-04-22 14:00:00,25.69392917529331
2011-04-22 15:00:00,60.71955904807432
2011-04-22 16:00:00,86.95716411661694
2011-04-22 17:00:00,135.15416666666667
2011-04-22 18:00:00,108.34
2011-04-22 19:00:00,110.35333333333334
2011-04-22 20:00:00,49.60967707445297
2011-04-22 21:00:00,52.29754636376695
2011-04-22 22:00:00,53.93871033868091
2011-04-22 23:00:00,66.61712820512821
2011-04-23 00:00:00,50.49403571428571
2011-04-23 01:00:00,40.17748809523809
2011-04-23 02:00:00,39.566011363636356
2011-04-23 03:00:00,20.028726076211374
2011-04-23 04:00:00,6.218329067990831
2011-04-23 05:00:00,6.239876252938593
2011-04-23 06:00:00,18.254758325008325
2011-04-23 07:00:00,29.243000000000002
2011-04-23 08:00:00,70.03966666666668
2011-04-23 09:00:00,76.54807918007917
2011-04-23 10:00:00,185.8243246336996
2011-04-23 11:00:00,201.25387334656082
2011-04-23 12:00:00,197.04333333333335
2011-04-23 13:00:00,205.23333333333335
2011-04-23 14:00:00,348.98308333333335
2011-04-23 15:00:00,399.1952628205129
2011-04-23 16:00:00,415.2275481242896
2011-04-23 17:00:00,393.6238448275862
2011-04-23 18:00:00,306.7214943031106
2011-04-23 19:00:00,168.47424409865778
2011-04-23 20:00:00,150.88415373558948
2011-04-23 21:00:00,144.68195804762624
2011-04-23 22:00:00,186.3432512871932
2011-04-23 23:00:00,131.97680952380955
2011-04-24 00:00:00,80.74375
2011-04-24 01:00:00,86.0975
2011-04-24 02:00:00,50.708809523809514
2011-04-24 03:00:00,32.034372824887534
2011-04-24 04:00:00,11.267888986332459
2011-04-24 05:00:00,12.23531061331658
2011-04-24 06:00:00,15.918583333333334
2011-04-24 07:00:00,31.98525
2011-04-24 08:00:00,90.31075000000001
2011-04-24 09:00:00,142.88141865079365
2011-04-24 10:00:00,321.71362783624414
2011-04-24 11:00:00,463.3890873015873
2011-04-24 12:00:00,484.73910592185587
2011-04-24 13:00:00,514.5533974313253
2011-04-24 14:00:00,555.6617315772534
2011-04-24 15:00:00,519.4306579324248
2011-04-24 16:00:00,521.9236983853385
2011-04-24 17:00:00,497.26370529878625
2011-04-24 18:00:00,424.4189882284383
2011-04-24 19:00:00,162.42390277777778
2011-04-24 20:00:00,136.73537067099568
2011-04-24 21:00:00,107.35645977633477
2011-04-24 22:00:00,50.19672222222223
2011-04-24 23:00:00,71.32166666666667
2011-04-25 00:00:00,20.47651785714286
2011-04-25 01:00:00,12.351490853983245
2011-04-25 02:00:00,7.8109748606420215
2011-04-25 03:00:00,4.358920888792339
2011-04-25 04:00:00,4.282864341297865
2011-04-25 05:00:00,18.954626262626263
2011-04-25 06:00:00,78.92
2011-04-25 07:00:00,271.50916666666666
2011-04-25 08:00:00,500.29091624317726
2011-04-25 09:00:00,289.9563886190707
2011-04-25 10:00:00,155.30173283641773
2011-04-25 11:00:00,178.31820715203892
2011-04-25 12:00:00,205.5013222195091
2011-04-25 13:00:00,228.06179868559485
2011-04-25 14:00:00,219.29192233024918
2011-04-25 15:00:00,223.3027223943736
2011-04-25 16:00:00,294.0660799497561
2011-04-25 17:00:00,574.0741526206588
2011-04-25 18:00:00,504.19190265743026
2011-04-25 19:00:00,433.038093639198
2011-04-25 20:00:00,278.0412051555677
2011-04-25 21:00:00,209.9282374269006
2011-04-25 22:00:00,127.74880525030522
2011-04-25 23:00:00,67.18493434343435
2011-04-26 00:00:00,32.74013957937487
2011-04-26 01:00:00,13.502738242708048
2011-04-26 02:00:00,6.6023728644496416
2011-04-26 03:00:00,3.969432990840791
2011-04-26 04:00:00,4.737302702534247
2011-04-26 05:00:00,24.397755049267627
2011-04-26 06:00:00,86.32335225885225
2011-04-26 07:00:00,323.97109418228825
2011-04-26 08:00:00,447.62908982683985
2011-04-26 09:00:00,262.793055106729
2011-04-26 10:00:00,148.4935039738645
2011-04-26 11:00:00,170.29385010951725
2011-04-26 12:00:00,202.33826391448235
2011-04-26 13:00:00,194.24086502273659
2011-04-26 14:00:00,191.7513623662602
2011-04-26 15:00:00,199.53911978653517
2011-04-26 16:00:00,301.57988023314965
2011-04-26 17:00:00,532.8233050125674
2011-04-26 18:00:00,508.9258372907399
2011-04-26 19:00:00,415.13109740259745
2011-04-26 20:00:00,326.37891538044926
2011-04-26 21:00:00,205.36011756176828
2011-04-26 22:00:00,141.46007040937627
2011-04-26 23:00:00,73.67208394383395
2011-04-27 00:00:00,31.65306214271839
2011-04-27 01:00:00,14.17818482684499
2011-04-27 02:00:00,6.864665238549461
2011-04-27 03:00:00,3.855182536262207
2011-04-27 04:00:00,4.382918736383508
2011-04-27 05:00:00,21.748342532467532
2011-04-27 06:00:00,87.86821336996337
2011-04-27 07:00:00,329.75984523809524
2011-04-27 08:00:00,464.4733239538239
2011-04-27 09:00:00,217.26368180641825
2011-04-27 10:00:00,114.81271432733932
2011-04-27 11:00:00,128.36844460697412
2011-04-27 12:00:00,151.62088502255443
2011-04-27 13:00:00,141.4169488682029
2011-04-27 14:00:00,186.69661407485918
2011-04-27 15:00:00,199.61140482982418
2011-04-27 16:00:00,317.9835451031906
2011-04-27 17:00:00,250.62764705882353
2011-04-27 18:00:00,239.06764705882352
2011-04-27 19:00:00,412.5130683760683
2011-04-27 20:00:00,177.09315818418906
2011-04-27 21:00:00,158.2255161675754
2011-04-27 22:00:00,119.79119831410824
2011-04-27 23:00:00,71.4080892857143
2011-04-28 00:00:00,42.65506471306473
2011-04-28 01:00:00,17.053464735069994
2011-04-28 02:00:00,8.378809538715823
2011-04-28 03:00:00,5.445523824087036
2011-04-28 04:00:00,4.560370386126361
2011-04-28 05:00:00,26.11271615312792
2011-04-28 06:00:00,98.27533333333332
2011-04-28 07:00:00,335.8461816239316
2011-04-28 08:00:00,499.42405911443313
2011-04-28 09:00:00,155.81416666666667
2011-04-28 10:00:00,114.64353142690643
2011-04-28 11:00:00,109.64444015706516
2011-04-28 12:00:00,136.66804451766774
2011-04-28 13:00:00,117.92606903281903
2011-04-28 14:00:00,118.75792924205425
2011-04-28 15:00:00,200.44187753899016
2011-04-28 16:00:00,237.7564003639003
2011-04-28 17:00:00,499.26312955370815
2011-04-28 18:00:00,475.01125367017477
2011-04-28 19:00:00,453.9674642422665
2011-04-28 20:00:00,318.3008907190365
2011-04-28 21:00:00,251.7575300457534
2011-04-28 22:00:00,191.6489233977536
2011-04-28 23:00:00,152.9047007852363
2011-04-29 00:00:00,50.30989583333334
2011-04-29 01:00:00,30.032214285714286
2011-04-29 02:00:00,14.814350808440782
2011-04-29 03:00:00,6.94111398698919
2011-04-29 04:00:00,5.806231742228229
2011-04-29 05:00:00,23.435426647426638
2011-04-29 06:00:00,112.81416666666668
2011-04-29 07:00:00,343.8286111111111
2011-04-29 08:00:00,555.3283582251082
2011-04-29 09:00:00,275.1747023809524
2011-04-29 10:00:00,221.90983621760964
2011-04-29 11:00:00,251.91695381458936
2011-04-29 12:00:00,316.82427163927923
2011-04-29 13:00:00,319.8072021967894
2011-04-29 14:00:00,284.09358412024795
2011-04-29 15:00:00,289.01955838193703
2011-04-29 16:00:00,273.9623590212986
2011-04-29 17:00:00,519.1322935702185
2011-04-29 18:00:00,456.70437485350936
2011-04-29 19:00:00,282.7686901388372
2011-04-29 20:00:00,216.24929855844601
2011-04-29 21:00:00,174.34086268280575
2011-04-29 22:00:00,150.02005531420215
2011-04-29 23:00:00,127.50694922969188
2011-04-30 00:00:00,72.45566666666667
2011-04-30 01:00:00,72.53584722222222
2011-04-30 02:00:00,35.834690476190474
2011-04-30 03:00:00,22.26022169304973
2011-04-30 04:00:00,8.345327624479516
2011-04-30 05:00:00,7.745277530948585
2011-04-30 06:00:00,25.47541911597174
2011-04-30 07:00:00,41.996044871794865
2011-04-30 08:00:00,95.6160297979798
2011-04-30 09:00:00,178.3874246963453
2011-04-30 10:00:00,328.25116904365643
2011-04-30 11:00:00,447.8038793859648
2011-04-30 12:00:00,454.807925607485
2011-04-30 13:00:00,504.5987386724503
2011-04-30 14:00:00,553.887583930065
2011-04-30 15:00:00,555.5197076463991
2011-04-30 16:00:00,521.7451271715624
2011-04-30 17:00:00,441.7943177546612
2011-04-30 18:00:00,375.71615192136386
2011-04-30 19:00:00,249.77650457877215
2011-04-30 20:00:00,176.95822337435698
2011-04-30 21:00:00,158.31290647622637
2011-04-30 22:00:00,149.4541381713209
2011-04-30 23:00:00,113.1693844750021
2011-05-20 00:00:00,38.134
2011-05-20 01:00:00,25.252750000000002
2011-05-20 02:00:00,12.2414210391174
2011-05-20 03:00:00,7.443323822837716
2011-05-20 04:00:00,6.46465001261275
2011-05-20 05:00:00,26.33405042910306
2011-05-20 06:00:00,135.3102492695139
2011-05-20 07:00:00,406.9924900793651
2011-05-20 08:00:00,647.6598223577893
2011-05-20 09:00:00,291.50116847041846
2011-05-20 10:00:00,186.77136775510454
2011-05-20 11:00:00,203.61320201547227
2011-05-20 12:00:00,296.0672385000601
2011-05-20 13:00:00,277.9608654201172
2011-05-20 14:00:00,287.47891067223304
2011-05-20 15:00:00,302.34572499187686
2011-05-20 16:00:00,369.2436597353819
2011-05-20 17:00:00,663.6867902697046
2011-05-20 18:00:00,617.7118465251673
2011-05-20 19:00:00,414.2975347199307
2011-05-20 20:00:00,283.3444801483515
2011-05-20 21:00:00,242.79680432235355
2011-05-20 22:00:00,184.64048822592275
2011-05-20 23:00:00,141.36405731349123
2011-05-21 00:00:00,122.88188483436853
2011-05-21 01:00:00,80.92927127455879
2011-05-21 02:00:00,63.96764677846662
2011-05-21 03:00:00,30.63657331979415
2011-05-21 04:00:00,8.370543534504048
2011-05-21 05:00:00,9.47809938650547
2011-05-21 06:00:00,26.523185032879
2011-05-21 07:00:00,75.35154824342324
2011-05-21 08:00:00,183.33604166666663
2011-05-21 09:00:00,284.09610165528915
2011-05-21 10:00:00,394.5789821428571
2011-05-21 11:00:00,506.3428626327376
2011-05-21 12:00:00,500.53773978055034
2011-05-21 13:00:00,506.9951752538837
2011-05-21 14:00:00,565.7056763156419
2011-05-21 15:00:00,507.07666467176284
2011-05-21 16:00:00,545.7466223248317
2011-05-21 17:00:00,519.0287120455991
2011-05-21 18:00:00,457.0883877030919
2011-05-21 19:00:00,370.24011219706625
2011-05-21 20:00:00,286.9423013456641
2011-05-21 21:00:00,255.0882154516592
2011-05-21 22:00:00,245.4637229932415
2011-05-21 23:00:00,186.56143719803586
2011-05-22 00:00:00,129.03469291656057
2011-05-22 01:00:00,83.59596595071595
2011-05-22 02:00:00,67.17501148006583
2011-05-22 03:00:00,31.631433011862583
2011-05-22 04:00:00,11.99322841730393
2011-05-22 05:00:00,12.60626054925496
2011-05-22 06:00:00,14.682922619047622
2011-05-22 07:00:00,46.33772136115519
2011-05-22 08:00:00,145.9605
2011-05-22 09:00:00,232.28081782106779
2011-05-22 10:00:00,363.9400521284271
2011-05-22 11:00:00,465.27129722451457
2011-05-22 12:00:00,473.2530185970505
2011-05-22 13:00:00,545.660884452724
2011-05-22 14:00:00,412.43775
2011-05-22 15:00:00,510.8116943567283
2011-05-22 16:00:00,503.3807544077886
2011-05-22 17:00:00,472.6047366206449
2011-05-22 18:00:00,475.2534289391957
2011-05-22 19:00:00,325.0871828504966
2011-05-22 20:00:00,310.1701335935485
2011-05-22 21:00:00,205.07172176546234
2011-05-22 22:00:00,139.89805681068412
2011-05-22 23:00:00,102.3440009157509
2011-05-23 00:00:00,30.415714738375257
2011-05-23 01:00:00,18.454994967707236
2011-05-23 02:00:00,7.120337417506513
2011-05-23 03:00:00,4.194295088270214
2011-05-23 04:00:00,5.526140671764901
2011-05-23 05:00:00,26.557914627769897
2011-05-23 06:00:00,106.6428849388836
2011-05-23 07:00:00,325.45262499999995
2011-05-23 08:00:00,498.6483071789322
2011-05-23 09:00:00,271.83725808000474
2011-05-23 10:00:00,148.46942987794034
2011-05-23 11:00:00,176.50846756242194
2011-05-23 12:00:00,198.31565990648426
2011-05-23 13:00:00,196.84095273843036
2011-05-23 14:00:00,190.01678911083715
2011-05-23 15:00:00,195.25611270712238
2011-05-23 16:00:00,312.30992797078915
2011-05-23 17:00:00,601.7085948395211
2011-05-23 18:00:00,589.9644559541765
2011-05-23 19:00:00,430.92279112042934
2011-05-23 20:00:00,227.82110346245884
2011-05-23 21:00:00,194.7273275041732
2011-05-23 22:00:00,136.41340988835725
2011-05-23 23:00:00,71.36522373459871
2011-05-24 00:00:00,25.804466828213155
2011-05-24 01:00:00,13.500875769869351
2011-05-24 02:00:00,8.199405834888752
2011-05-24 03:00:00,5.004633160324376
2011-05-24 04:00:00,5.434814005789423
2011-05-24 05:00:00,23.029680430680433
2011-05-24 06:00:00,125.20608702620375
2011-05-24 07:00:00,251.68690476190477
2011-05-24 08:00:00,323.4134053030303
2011-05-24 09:00:00,290.72404907891604
2011-05-24 10:00:00,133.8267684746911
2011-05-24 11:00:00,170.96096228052374
2011-05-24 12:00:00,198.88689903267144
2011-05-24 13:00:00,223.91234934129642
2011-05-24 14:00:00,197.80312550234154
2011-05-24 15:00:00,175.1127673362068
2011-05-24 16:00:00,324.5264196083878
2011-05-24 17:00:00,658.6716501363611
2011-05-24 18:00:00,595.7464151382549
2011-05-24 19:00:00,449.93176135852445
2011-05-24 20:00:00,292.8461618807327
2011-05-24 21:00:00,237.2620661272033
2011-05-24 22:00:00,77.72958333333332
2011-05-24 23:00:00,84.02116666666667
2011-05-25 00:00:00,31.960559609757855
2011-05-25 01:00:00,15.764179100987477
2011-05-25 02:00:00,8.403574662521036
2011-05-25 03:00:00,5.170350089894083
2011-05-25 04:00:00,5.325031364170393
2011-05-25 05:00:00,29.21572159660916
2011-05-25 06:00:00,138.65384767225532
2011-05-25 07:00:00,438.0364528186853
2011-05-25 08:00:00,561.1416840517082
2011-05-25 09:00:00,296.094901011954
2011-05-25 10:00:00,174.328398046075
2011-05-25 11:00:00,201.7053676060298
2011-05-25 12:00:00,241.9237057859659
2011-05-25 13:00:00,238.12986976902678
2011-05-25 14:00:00,229.0508691752073
2011-05-25 15:00:00,224.91114904549863
2011-05-25 16:00:00,363.74460923026066
2011-05-25 17:00:00,752.4793391445279
2011-05-25 18:00:00,711.1919522058104
2011-05-25 19:00:00,515.1522735063488
2011-05-25 20:00:00,338.5649748538547
2011-05-25 21:00:00,281.07002348791235
2011-05-25 22:00:00,237.99065095811702
2011-05-25 23:00:00,112.22399103270313
2011-05-26 00:00:00,70.57063332453464
2011-05-26 01:00:00,29.755138206043387
2011-05-26 02:00:00,11.967188531317483
2011-05-26 03:00:00,5.665423235802595
2011-05-26 04:00:00,5.584902388500622
2011-05-26 05:00:00,27.160902332539905
2011-05-26 06:00:00,105.34728374840735
2011-05-26 07:00:00,317.95399999999995
2011-05-26 08:00:00,550.3568966268406
2011-05-26 09:00:00,252.22031694129808
2011-05-26 10:00:00,140.47286206755078
2011-05-26 11:00:00,168.43380053500815
2011-05-26 12:00:00,206.96776426474023
2011-05-26 13:00:00,202.16436826136513
2011-05-26 14:00:00,202.1622477439787
2011-05-26 15:00:00,203.41073247081061
2011-05-26 16:00:00,343.1371274304096
2011-05-26 17:00:00,587.6799234093611
2011-05-26 18:00:00,507.36720212925184
2011-05-26 19:00:00,470.3364034765256
2011-05-26 20:00:00,333.54538476372574
2011-05-26 21:00:00,257.24028650300517
2011-05-26 22:00:00,228.72080066659692
2011-05-26 23:00:00,149.14847138875558
2011-05-27 00:00:00,73.92188285132997
2011-05-27 01:00:00,30.582386757686763
2011-05-27 02:00:00,16.00586031105222
2011-05-27 03:00:00,8.487065044129931
2011-05-27 04:00:00,7.660981709588117
2011-05-27 05:00:00,29.280396119443285
2011-05-27 06:00:00,126.33780265642488
2011-05-27 07:00:00,391.34858336834725
2011-05-27 08:00:00,499.3270679975519
2011-05-27 09:00:00,268.9852030771372
2011-05-27 10:00:00,183.8636798185475
2011-05-27 11:00:00,204.19992292097658
2011-05-27 12:00:00,271.12366538594523
2011-05-27 13:00:00,262.0423652642416
2011-05-27 14:00:00,244.35563172331007
2011-05-27 15:00:00,253.51636434156896
2011-05-27 16:00:00,340.78984260422317
2011-05-27 17:00:00,553.1656255979788
2011-05-27 18:00:00,574.3141782486305
2011-05-27 19:00:00,368.1801153846155
2011-05-27 20:00:00,320.5219685883336
2011-05-27 21:00:00,181.64231887695104
2011-05-27 22:00:00,220.18984298317918
2011-05-27 23:00:00,163.95992366989742
2011-05-28 00:00:00,122.06804447309227
2011-05-28 01:00:00,102.02982249943214
2011-05-28 02:00:00,64.05954173604172
2011-05-28 03:00:00,29.879316368412198
2011-05-28 04:00:00,11.511419694091654
2011-05-28 05:00:00,13.871432149568001
2011-05-28 06:00:00,35.214470025663985
2011-05-28 07:00:00,65.43443359418359
2011-05-28 08:00:00,164.32296825396827
2011-05-28 09:00:00,268.6831710997336
2011-05-28 10:00:00,342.50889484126986
2011-05-28 11:00:00,452.4152664053428
2011-05-28 12:00:00,499.98417335136605
2011-05-28 13:00:00,459.63217641171235
2011-05-28 14:00:00,449.23425203164874
2011-05-28 15:00:00,472.9570519722927
2011-05-28 16:00:00,473.9325013500478
2011-05-28 17:00:00,478.1097413669961
2011-05-28 18:00:00,423.3890521794084
2011-05-28 19:00:00,314.14976875048063
2011-05-28 20:00:00,303.7321299108735
2011-05-28 21:00:00,225.73100634638897
2011-05-28 22:00:00,226.20520675902716
2011-05-28 23:00:00,187.2799555050213
2011-05-29 00:00:00,126.8081059226721
2011-05-29 01:00:00,100.86307336735076
2011-05-29 02:00:00,71.14559084514521
2011-05-29 03:00:00,28.964602358007404
2011-05-29 04:00:00,10.837232389063734
2011-05-29 05:00:00,13.168360498118483
2011-05-29 06:00:00,14.771037698412702
2011-05-29 07:00:00,30.054166666666664
2011-05-29 08:00:00,101.68175
2011-05-29 09:00:00,96.08709444444443
2011-05-29 10:00:00,271.3842689748976
2011-05-29 11:00:00,299.64252747252743
2011-05-29 12:00:00,366.86889560458695
2011-05-29 13:00:00,423.7400943223443
2011-05-29 14:00:00,412.54911711327884
2011-05-29 15:00:00,408.5717004466122
2011-05-29 16:00:00,409.7954504466122
2011-05-29 17:00:00,406.25378286419465
2011-05-29 18:00:00,323.3856168888583
2011-05-29 19:00:00,283.41224359478883
2011-05-29 20:00:00,241.9512457070707
2011-05-29 21:00:00,175.57063573517982
2011-05-29 22:00:00,132.15057692307693
2011-05-29 23:00:00,116.39067948717948
2011-05-30 00:00:00,102.02185844241858
2011-05-30 01:00:00,83.23142592592595
2011-05-30 02:00:00,45.645625
2011-05-30 03:00:00,24.67595198403248
2011-05-30 04:00:00,15.083408413117558
2011-05-30 05:00:00,18.52966331417625
2011-05-30 06:00:00,54.70416666666666
2011-05-30 07:00:00,183.49
2011-05-30 08:00:00,335.3269480519481
2011-05-30 09:00:00,260.49239133089134
2011-05-30 10:00:00,364.14356358918866
2011-05-30 11:00:00,394.43566666666663
2011-05-30 12:00:00,392.095
2011-05-30 13:00:00,390.25875
2011-05-30 14:00:00,397.51375
2011-05-30 15:00:00,417.435
2011-05-30 16:00:00,335.96498492319006
2011-05-30 17:00:00,506.8364159167605
2011-05-30 18:00:00,515.3499000437446
2011-05-30 19:00:00,402.3736867916397
2011-05-30 20:00:00,337.22377704434757
2011-05-30 21:00:00,282.92989281424786
2011-05-30 22:00:00,192.07166666666663
2011-05-30 23:00:00,94.17005952380953
2011-05-31 00:00:00,41.49014524977548
2011-05-31 01:00:00,19.855269539097083
2011-05-31 02:00:00,8.321530125848431
2011-05-31 03:00:00,5.064756342657603
2011-05-31 04:00:00,6.487289149158208
2011-05-31 05:00:00,24.744141973259808
2011-05-31 06:00:00,135.37197897922798
2011-05-31 07:00:00,348.0048483354881
2011-05-31 08:00:00,525.1552665276976
2011-05-31 09:00:00,221.4095583853424
2011-05-31 10:00:00,147.09021642616318
2011-05-31 11:00:00,169.83478191751487
2011-05-31 12:00:00,161.9140592709255
2011-05-31 13:00:00,151.01978596795462
2011-05-31 14:00:00,151.47368825246974
2011-05-31 15:00:00,149.7658711799712
2011-05-31 16:00:00,297.0233059091274
2011-05-31 17:00:00,616.8610822081151
2011-05-31 18:00:00,666.361293918123
2011-05-31 19:00:00,495.43177964087323
2011-05-31 20:00:00,329.53220961483663
2011-05-31 21:00:00,252.56908597749884
2011-05-31 22:00:00,191.8851409913187
2011-05-31 23:00:00,124.84628937728938
2011-06-20 00:00:00,33.993606008406125
2011-06-20 01:00:00,16.723213418476558
2011-06-20 02:00:00,7.7422125639037604
2011-06-20 03:00:00,4.4060725307688475
2011-06-20 04:00:00,4.734437634271222
2011-06-20 05:00:00,29.774613437523136
2011-06-20 06:00:00,110.71315837104073
2011-06-20 07:00:00,151.68833333333333
2011-06-20 08:00:00,274.9563333333333
2011-06-20 09:00:00,255.8779444075661
2011-06-20 10:00:00,155.8170474428173
2011-06-20 11:00:00,178.55465520802807
2011-06-20 12:00:00,225.77860192805372
2011-06-20 13:00:00,231.10660347647826
2011-06-20 14:00:00,224.7466071101179
2011-06-20 15:00:00,225.395151024651
2011-06-20 16:00:00,337.28283570705986
2011-06-20 17:00:00,719.1275360771058
2011-06-20 18:00:00,680.8353451599933
2011-06-20 19:00:00,470.9219448258424
2011-06-20 20:00:00,320.73403833057114
2011-06-20 21:00:00,237.9024657490732
2011-06-20 22:00:00,147.60016144639673
2011-06-20 23:00:00,83.47775974025976
2011-06-21 00:00:00,33.07465717194844
2011-06-21 01:00:00,14.759742728940928
2011-06-21 02:00:00,6.692274731568265
2011-06-21 03:00:00,5.382796759098697
2011-06-21 04:00:00,5.912062757937026
2011-06-21 05:00:00,28.600328617575837
2011-06-21 06:00:00,135.79329241696118
2011-06-21 07:00:00,331.49704761904763
2011-06-21 08:00:00,538.8261129310679
2011-06-21 09:00:00,274.978375402296
2011-06-21 10:00:00,150.90255384533214
2011-06-21 11:00:00,183.25527777818078
2011-06-21 12:00:00,216.9472681634409
2011-06-21 13:00:00,225.0310966174861
2011-06-21 14:00:00,223.76384607722906
2011-06-21 15:00:00,223.23874859925706
2011-06-21 16:00:00,342.57186896198806
2011-06-21 17:00:00,629.7830574529979
2011-06-21 18:00:00,652.5661134249801
2011-06-21 19:00:00,443.43243509957324
2011-06-21 20:00:00,324.59470504506425
2011-06-21 21:00:00,254.28090684111504
2011-06-21 22:00:00,212.90254319385429
2011-06-21 23:00:00,110.85149987512489
2011-06-22 00:00:00,38.48714888752674
2011-06-22 01:00:00,19.439463749482677
2011-06-22 02:00:00,10.213594225788803
2011-06-22 03:00:00,6.13770940329101
2011-06-22 04:00:00,6.493352819977577
2011-06-22 05:00:00,32.201046197790134
2011-06-22 06:00:00,146.0596241687337
2011-06-22 07:00:00,381.94549500825974
2011-06-22 08:00:00,613.8453441156397
2011-06-22 09:00:00,286.7000705755917
2011-06-22 10:00:00,149.7831623138367
2011-06-22 11:00:00,180.21332892902254
2011-06-22 12:00:00,228.7811498964784
2011-06-22 13:00:00,189.4276696018913
2011-06-22 14:00:00,204.10837950642622
2011-06-22 15:00:00,178.4218228305159
2011-06-22 16:00:00,296.6467997497444
2011-06-22 17:00:00,630.5581089024101
2011-06-22 18:00:00,661.2598172613626
2011-06-22 19:00:00,458.1341637778071
2011-06-22 20:00:00,322.5963795106289
2011-06-22 21:00:00,258.83410307432075
2011-06-22 22:00:00,180.27343043947923
2011-06-22 23:00:00,115.3500586080586
2011-06-23 00:00:00,57.41016819035276
2011-06-23 01:00:00,22.0457952866848
2011-06-23 02:00:00,10.858177580097948
2011-06-23 03:00:00,5.6385744395364155
2011-06-23 04:00:00,6.492642925622155
2011-06-23 05:00:00,33.1141450299693
2011-06-23 06:00:00,142.8196732357365
2011-06-23 07:00:00,389.43418648950814
2011-06-23 08:00:00,496.26338069567447
2011-06-23 09:00:00,271.09067235663724
2011-06-23 10:00:00,184.7348199506939
2011-06-23 11:00:00,133.19606347722367
2011-06-23 12:00:00,201.78399572430945
2011-06-23 13:00:00,208.2287576438144
2011-06-23 14:00:00,198.139500736594
2011-06-23 15:00:00,208.97147774889726
2011-06-23 16:00:00,324.6102396990966
2011-06-23 17:00:00,603.2262779773557
2011-06-23 18:00:00,569.2640820184298
2011-06-23 19:00:00,465.44926190476195
2011-06-23 20:00:00,308.08712465310845
2011-06-23 21:00:00,267.12549682103605
2011-06-23 22:00:00,193.4369433255832
2011-06-23 23:00:00,141.8815395058158
2011-06-24 00:00:00,72.15705147845449
2011-06-24 01:00:00,25.863297619047618
2011-06-24 02:00:00,12.341193941768235
2011-06-24 03:00:00,7.129334263518521
2011-06-24 04:00:00,7.162761474005651
2011-06-24 05:00:00,31.632553722365337
2011-06-24 06:00:00,124.55781243357045
2011-06-24 07:00:00,345.95410450937953
2011-06-24 08:00:00,520.2419978678363
2011-06-24 09:00:00,282.60742740125715
2011-06-24 10:00:00,203.30604542018017
2011-06-24 11:00:00,221.01416954384788
2011-06-24 12:00:00,311.1141066520915
2011-06-24 13:00:00,331.47472109983755
2011-06-24 14:00:00,247.48192443473482
2011-06-24 15:00:00,322.6656831514188
2011-06-24 16:00:00,374.25852063109915
2011-06-24 17:00:00,688.2032325173803
2011-06-24 18:00:00,599.1204303126636
2011-06-24 19:00:00,466.799144135221
2011-06-24 20:00:00,359.41186611574767
2011-06-24 21:00:00,265.06075884940446
2011-06-24 22:00:00,225.8921983122447
2011-06-24 23:00:00,183.92159218174828
2011-06-25 00:00:00,127.56232327500933
2011-06-25 01:00:00,105.79585124065952
2011-06-25 02:00:00,75.97053449328449
2011-06-25 03:00:00,35.391297327672326
2011-06-25 04:00:00,11.160404530618798
2011-06-25 05:00:00,11.673042877141931
2011-06-25 06:00:00,39.30698634710663
2011-06-25 07:00:00,63.79088614163613
2011-06-25 08:00:00,161.31625
2011-06-25 09:00:00,245.2315557763315
2011-06-25 10:00:00,382.52669841269847
2011-06-25 11:00:00,493.6084331440629
2011-06-25 12:00:00,606.7276672047518
2011-06-25 13:00:00,618.057361857697
2011-06-25 14:00:00,480.42964009759083
2011-06-25 15:00:00,461.58190824201665
2011-06-25 16:00:00,477.58334195376045
2011-06-25 17:00:00,551.3675894422469
2011-06-25 18:00:00,479.6063610115247
2011-06-25 19:00:00,362.25225208500297
2011-06-25 20:00:00,328.04376014261476
2011-06-25 21:00:00,258.7335282471838
2011-06-25 22:00:00,235.62971070792847
2011-06-25 23:00:00,175.59995165945165
2011-06-26 00:00:00,142.423589519141
2011-06-26 01:00:00,113.8916522284144
2011-06-26 02:00:00,76.03442888512457
2011-06-26 03:00:00,34.70889948344999
2011-06-26 04:00:00,12.623366012487306
2011-06-26 05:00:00,12.485494575245346
2011-06-26 06:00:00,30.34309681400471
2011-06-26 07:00:00,48.58865904928406
2011-06-26 08:00:00,130.21357142857144
2011-06-26 09:00:00,249.87647945681766
2011-06-26 10:00:00,358.5224350649351
2011-06-26 11:00:00,487.33213982632776
2011-06-26 12:00:00,585.1821528994865
2011-06-26 13:00:00,616.8343612103998
2011-06-26 14:00:00,598.8847058476397
2011-06-26 15:00:00,587.8072460946648
2011-06-26 16:00:00,531.2641484790097
2011-06-26 17:00:00,545.7867943314743
2011-06-26 18:00:00,458.66618447207003
2011-06-26 19:00:00,360.83873057770484
2011-06-26 20:00:00,304.1273618152392
2011-06-26 21:00:00,207.84275137740318
2011-06-26 22:00:00,170.49188888888887
2011-06-26 23:00:00,103.27583333333332
2011-06-27 00:00:00,43.39642773114397
2011-06-27 01:00:00,14.762460142058098
2011-06-27 02:00:00,11.569197208021508
2011-06-27 03:00:00,5.5870690522856545
2011-06-27 04:00:00,6.848598337400338
2011-06-27 05:00:00,30.399133276572762
2011-06-27 06:00:00,138.3721172804773
2011-06-27 07:00:00,378.6002505127191
2011-06-27 08:00:00,538.4507949278667
2011-06-27 09:00:00,270.8376300994757
2011-06-27 10:00:00,163.79983013627228
2011-06-27 11:00:00,184.20915152497219
2011-06-27 12:00:00,232.483810119242
2011-06-27 13:00:00,223.90711411900372
2011-06-27 14:00:00,219.25958669786135
2011-06-27 15:00:00,224.46240952702192
2011-06-27 16:00:00,357.80662748397594
2011-06-27 17:00:00,711.133317727262
2011-06-27 18:00:00,736.6340073454276
2011-06-27 19:00:00,528.1717593721929
2011-06-27 20:00:00,351.10107744813365
2011-06-27 21:00:00,236.65678962705402
2011-06-27 22:00:00,157.50566161616155
2011-06-27 23:00:00,116.84382738095239
2011-06-28 00:00:00,32.64711941323754
2011-06-28 01:00:00,18.44790283252006
2011-06-28 02:00:00,9.828811871160523
2011-06-28 03:00:00,6.172731601346561
2011-06-28 04:00:00,6.596474191849548
2011-06-28 05:00:00,32.2766673029644
2011-06-28 06:00:00,151.53302985819636
2011-06-28 07:00:00,349.4684800741743
2011-06-28 08:00:00,571.2842656915512
2011-06-28 09:00:00,287.6495637381624
2011-06-28 10:00:00,146.16390291449437
2011-06-28 11:00:00,183.4307554644837
2011-06-28 12:00:00,237.34192511404228
2011-06-28 13:00:00,240.12266115169652
2011-06-28 14:00:00,188.65769565187318
2011-06-28 15:00:00,187.76917292490754
2011-06-28 16:00:00,291.31037172854633
2011-06-28 17:00:00,556.4344997824156
2011-06-28 18:00:00,600.76084871792
2011-06-28 19:00:00,437.3969117410368
2011-06-28 20:00:00,334.489990292039
2011-06-28 21:00:00,245.29342841712185
2011-06-28 22:00:00,167.32055806045915
2011-06-28 23:00:00,110.80836080586081
2011-06-29 00:00:00,39.732144880092825
2011-06-29 01:00:00,20.726461566256088
2011-06-29 02:00:00,8.124526279239099
2011-06-29 03:00:00,6.19619851215283
2011-06-29 04:00:00,6.484954274106644
2011-06-29 05:00:00,33.89938078689136
2011-06-29 06:00:00,138.25774247580085
2011-06-29 07:00:00,325.80801428065405
2011-06-29 08:00:00,486.891816870931
2011-06-29 09:00:00,218.96921329715175
2011-06-29 10:00:00,134.95295423579987
2011-06-29 11:00:00,175.5513628245558
2011-06-29 12:00:00,229.02736796857124
2011-06-29 13:00:00,204.7947759082591
2011-06-29 14:00:00,231.95549486523018
2011-06-29 15:00:00,232.34087016212172
2011-06-29 16:00:00,368.5203406019752
2011-06-29 17:00:00,612.8177403902052
2011-06-29 18:00:00,584.0526292446091
2011-06-29 19:00:00,587.6468426442182
2011-06-29 20:00:00,394.4403386392198
2011-06-29 21:00:00,289.71683557220217
2011-06-29 22:00:00,212.69639444126267
2011-06-29 23:00:00,116.41565979853485
2011-06-30 00:00:00,52.03497172504728
2011-06-30 01:00:00,21.180519608452546
2011-06-30 02:00:00,9.963742059889213
2011-06-30 03:00:00,6.084822485721183
2011-06-30 04:00:00,6.374224905940408
2011-06-30 05:00:00,30.24003435367497
2011-06-30 06:00:00,130.94326256108621
2011-06-30 07:00:00,431.2839476982127
2011-06-30 08:00:00,503.0549323850466
2011-06-30 09:00:00,221.9054948807284
2011-06-30 10:00:00,151.69365212970982
2011-06-30 11:00:00,195.7806524201934
2011-06-30 12:00:00,246.15457189109497
2011-06-30 13:00:00,242.82097536143684
2011-06-30 14:00:00,233.8847459030525
2011-06-30 15:00:00,237.73496007746746
2011-06-30 16:00:00,337.7712127970444
2011-06-30 17:00:00,605.6064689990649
2011-06-30 18:00:00,675.6802908023882
2011-06-30 19:00:00,501.96413071774674
2011-06-30 20:00:00,373.1076054610491
2011-06-30 21:00:00,269.01459417008914
2011-06-30 22:00:00,228.48479167610847
2011-06-30 23:00:00,146.52559757178307
2011-07-20 00:00:00,45.75283385424719
2011-07-20 01:00:00,19.48496336376598
2011-07-20 02:00:00,8.089128381146946
2011-07-20 03:00:00,5.940214729587503
2011-07-20 04:00:00,6.550218064233234
2011-07-20 05:00:00,33.63895459065486
2011-07-20 06:00:00,145.8470913748639
2011-07-20 07:00:00,445.4062382176646
2011-07-20 08:00:00,616.5584125136885
2011-07-20 09:00:00,272.5347548669482
2011-07-20 10:00:00,177.53846241858238
2011-07-20 11:00:00,168.22580633463633
2011-07-20 12:00:00,176.29802464481384
2011-07-20 13:00:00,170.72735750649616
2011-07-20 14:00:00,165.79425209957714
2011-07-20 15:00:00,178.1220775107262
2011-07-20 16:00:00,327.9094955140507
2011-07-20 17:00:00,590.1830225747216
2011-07-20 18:00:00,560.3653414807728
2011-07-20 19:00:00,532.3912896825397
2011-07-20 20:00:00,329.28318910530163
2011-07-20 21:00:00,375.50762322649285
2011-07-20 22:00:00,272.624123007421
2011-07-20 23:00:00,127.46019647676883
2011-07-21 00:00:00,56.99308469118601
2011-07-21 01:00:00,19.690931501537943
2011-07-21 02:00:00,7.366058807925254
2011-07-21 03:00:00,5.66207102428509
2011-07-21 04:00:00,6.251483351514634
2011-07-21 05:00:00,32.53727488287023
2011-07-21 06:00:00,142.3571447207515
2011-07-21 07:00:00,395.32687649605293
2011-07-21 08:00:00,526.5687058154899
2011-07-21 09:00:00,302.0643103285604
2011-07-21 10:00:00,165.14904372072968
2011-07-21 11:00:00,177.83946660907125
2011-07-21 12:00:00,212.00716997309172
2011-07-21 13:00:00,203.77049532251297
2011-07-21 14:00:00,190.06278136298
2011-07-21 15:00:00,179.37377550462077
2011-07-21 16:00:00,313.79838274613167
2011-07-21 17:00:00,507.0182990947534
2011-07-21 18:00:00,524.8898386453653
2011-07-21 19:00:00,503.0444841269841
2011-07-21 20:00:00,334.62314551024247
2011-07-21 21:00:00,341.51206355835603
2011-07-21 22:00:00,252.14853322923653
2011-07-21 23:00:00,145.0408533129882
2011-07-22 00:00:00,89.73131998557
2011-07-22 01:00:00,36.162357648849714
2011-07-22 02:00:00,18.68483747808453
2011-07-22 03:00:00,7.180459372643032
2011-07-22 04:00:00,7.39276065056481
2011-07-22 05:00:00,31.78393141418795
2011-07-22 06:00:00,116.50590407356583
2011-07-22 07:00:00,356.09717460317466
2011-07-22 08:00:00,560.0136625430238
2011-07-22 09:00:00,285.75220594491714
2011-07-22 10:00:00,193.88777765552095
2011-07-22 11:00:00,221.73941373545807
2011-07-22 12:00:00,279.6904955908826
2011-07-22 13:00:00,272.80789558967996
2011-07-22 14:00:00,285.1031649631769
2011-07-22 15:00:00,273.0763161829755
2011-07-22 16:00:00,359.0234528997344
2011-07-22 17:00:00,556.361847076233
2011-07-22 18:00:00,572.8333664027397
2011-07-22 19:00:00,458.31184180163314
2011-07-22 20:00:00,331.97451579487847
2011-07-22 21:00:00,402.537276643241
2011-07-22 22:00:00,286.0137202380953
2011-07-22 23:00:00,164.91944136640367
2011-07-23 00:00:00,141.96842210648828
2011-07-23 01:00:00,109.88606138351197
2011-07-23 02:00:00,68.12354761904761
2011-07-23 03:00:00,31.171849107763578
2011-07-23 04:00:00,12.47243588756275
2011-07-23 05:00:00,11.683642282158432
2011-07-23 06:00:00,38.09170492575021
2011-07-23 07:00:00,69.73076114163614
2011-07-23 08:00:00,159.92198809523808
2011-07-23 09:00:00,243.01139337868014
2011-07-23 10:00:00,354.43229761904763
2011-07-23 11:00:00,383.3142676142719
2011-07-23 12:00:00,348.2474498626374
2011-07-23 13:00:00,340.98616666666663
2011-07-23 14:00:00,330.41974999999996
2011-07-23 15:00:00,314.1310833333333
2011-07-23 16:00:00,311.4332142857143
2011-07-23 17:00:00,319.7967142857143
2011-07-23 18:00:00,345.6208358416945
2011-07-23 19:00:00,321.7042475953504
2011-07-23 20:00:00,314.5190132034184
2011-07-23 21:00:00,417.50400394633584
2011-07-23 22:00:00,254.52347963817866
2011-07-23 23:00:00,164.5913060485267
2011-07-24 00:00:00,154.88431528830642
2011-07-24 01:00:00,100.94999024096775
2011-07-24 02:00:00,82.05234287338124
2011-07-24 03:00:00,36.088646402208894
2011-07-24 04:00:00,11.872701453620323
2011-07-24 05:00:00,11.551148000932473
2011-07-24 06:00:00,25.99314822350852
2011-07-24 07:00:00,49.93066860916861
2011-07-24 08:00:00,116.61032142857142
2011-07-24 09:00:00,267.3285590659341
2011-07-24 10:00:00,346.673
2011-07-24 11:00:00,405.6865273346823
2011-07-24 12:00:00,358.4022648809524
2011-07-24 13:00:00,428.9894923697474
2011-07-24 14:00:00,406.8284541444269
2011-07-24 15:00:00,341.75791711458834
2011-07-24 16:00:00,342.03666711458834
2011-07-24 17:00:00,360.9873792650266
2011-07-24 18:00:00,425.81241562504516
2011-07-24 19:00:00,358.16300360540424
2011-07-24 20:00:00,334.7860235316763
2011-07-24 21:00:00,290.59273352237705
2011-07-24 22:00:00,180.95484848484847
2011-07-24 23:00:00,96.81666666666668
2011-07-25 00:00:00,47.68210135333609
2011-07-25 01:00:00,15.564242039826436
2011-07-25 02:00:00,7.335880854906702
2011-07-25 03:00:00,5.649683982903305
2011-07-25 04:00:00,6.724256783752099
2011-07-25 05:00:00,26.908206905229182
2011-07-25 06:00:00,126.24687892516096
2011-07-25 07:00:00,337.3559385369533
2011-07-25 08:00:00,556.0429337810881
2011-07-25 09:00:00,263.0550681818181
2011-07-25 10:00:00,164.41561862209065
2011-07-25 11:00:00,169.44170322099382
2011-07-25 12:00:00,170.93894404741098
2011-07-25 13:00:00,206.183898120145
2011-07-25 14:00:00,152.97494827101661
2011-07-25 15:00:00,149.50964648028338
2011-07-25 16:00:00,305.6915748575329
2011-07-25 17:00:00,584.8114151320815
2011-07-25 18:00:00,582.4628810169429
2011-07-25 19:00:00,469.95824904306215
2011-07-25 20:00:00,299.34484597848586
2011-07-25 21:00:00,214.86679528985508
2011-07-25 22:00:00,151.57999999999998
2011-07-25 23:00:00,109.95877976190476
2011-07-26 00:00:00,36.66352526541595
2011-07-26 01:00:00,17.658529980384056
2011-07-26 02:00:00,8.142474674428012
2011-07-26 03:00:00,5.610079922229704
2011-07-26 04:00:00,6.0194959868210045
2011-07-26 05:00:00,32.606538887581834
2011-07-26 06:00:00,154.830979147183
2011-07-26 07:00:00,378.30392982931755
2011-07-26 08:00:00,488.01722505990597
2011-07-26 09:00:00,227.03762162751974
2011-07-26 10:00:00,156.25902821621347
2011-07-26 11:00:00,196.9521664257341
2011-07-26 12:00:00,243.61176522807042
2011-07-26 13:00:00,198.40714183321143
2011-07-26 14:00:00,193.9452815862822
2011-07-26 15:00:00,192.82626997183303
2011-07-26 16:00:00,377.32628543863257
2011-07-26 17:00:00,635.0003867756609
2011-07-26 18:00:00,675.2316342008166
2011-07-26 19:00:00,405.1751762628067
2011-07-26 20:00:00,356.3532140000313
2011-07-26 21:00:00,272.6881214532415
2011-07-26 22:00:00,202.12957340737
2011-07-26 23:00:00,113.51421903096902
2011-07-27 00:00:00,47.03307481761066
2011-07-27 01:00:00,17.36120917656847
2011-07-27 02:00:00,14.617703327493395
2011-07-27 03:00:00,5.404171668805734
2011-07-27 04:00:00,6.19207652935831
2011-07-27 05:00:00,30.674652821163107
2011-07-27 06:00:00,124.56381458900145
2011-07-27 07:00:00,336.2596511854159
2011-07-27 08:00:00,482.55970153920157
2011-07-27 09:00:00,236.6941855635836
2011-07-27 10:00:00,165.06767088218433
2011-07-27 11:00:00,190.66707188730857
2011-07-27 12:00:00,203.68625626517857
2011-07-27 13:00:00,202.9632494740362
2011-07-27 14:00:00,227.8722549370909
2011-07-27 15:00:00,233.1120315532537
2011-07-27 16:00:00,365.75263482263296
2011-07-27 17:00:00,693.2327058346908
2011-07-27 18:00:00,659.9879108547489
2011-07-27 19:00:00,496.8433426683062
2011-07-27 20:00:00,371.4609347096225
2011-07-27 21:00:00,293.0967778118066
2011-07-27 22:00:00,221.56442306409085
2011-07-27 23:00:00,128.68160370511842
2011-07-28 00:00:00,57.3422171349514
2011-07-28 01:00:00,22.578159791855782
2011-07-28 02:00:00,10.729912854141423
2011-07-28 03:00:00,6.282653218865175
2011-07-28 04:00:00,6.454324771224951
2011-07-28 05:00:00,31.492923880369414
2011-07-28 06:00:00,146.71674437832388
2011-07-28 07:00:00,440.2232965139395
2011-07-28 08:00:00,598.6674437975157
2011-07-28 09:00:00,267.915181649324
2011-07-28 10:00:00,154.55152458251908
2011-07-28 11:00:00,184.5964042050407
2011-07-28 12:00:00,213.1047779252852
2011-07-28 13:00:00,213.33070095901763
2011-07-28 14:00:00,200.4214944132612
2011-07-28 15:00:00,187.7749781049529
2011-07-28 16:00:00,352.6925002608991
2011-07-28 17:00:00,676.3013180422943
2011-07-28 18:00:00,575.2535991942818
2011-07-28 19:00:00,463.5607033730159
2011-07-28 20:00:00,334.3520978483238
2011-07-28 21:00:00,280.7236506381552
2011-07-28 22:00:00,217.10120416160956
2011-07-28 23:00:00,134.5922610131097
2011-07-29 00:00:00,73.17197068424869
2011-07-29 01:00:00,35.26264855239062
2011-07-29 02:00:00,18.598009014881065
2011-07-29 03:00:00,6.8337634367906075
2011-07-29 04:00:00,7.068684934931776
2011-07-29 05:00:00,28.421094495576114
2011-07-29 06:00:00,123.55948496687182
2011-07-29 07:00:00,326.06943078898223
2011-07-29 08:00:00,542.9946553862374
2011-07-29 09:00:00,273.66840983090975
2011-07-29 10:00:00,210.30531299950044
2011-07-29 11:00:00,231.02308860527432
2011-07-29 12:00:00,320.7997105889458
2011-07-29 13:00:00,284.5012067177429
2011-07-29 14:00:00,307.3540453195745
2011-07-29 15:00:00,316.97746027961443
2011-07-29 16:00:00,356.4713690444138
2011-07-29 17:00:00,520.5292357461003
2011-07-29 18:00:00,499.3498705279851
2011-07-29 19:00:00,410.4728383902604
2011-07-29 20:00:00,328.1569023000097
2011-07-29 21:00:00,272.79392927763115
2011-07-29 22:00:00,244.50134224483995
2011-07-29 23:00:00,165.70163613510678
2011-07-30 00:00:00,148.987209198318
2011-07-30 01:00:00,94.39796597085541
2011-07-30 02:00:00,74.12463352227483
2011-07-30 03:00:00,36.544915600481396
2011-07-30 04:00:00,11.949420751936229
2011-07-30 05:00:00,13.379751923055153
2011-07-30 06:00:00,36.01987747542275
2011-07-30 07:00:00,66.17254485791986
2011-07-30 08:00:00,159.19032142857142
2011-07-30 09:00:00,262.9152620851371
2011-07-30 10:00:00,360.0932142857143
2011-07-30 11:00:00,355.53538260072395
2011-07-30 12:00:00,392.2329623399782
2011-07-30 13:00:00,414.9790120901323
2011-07-30 14:00:00,431.15830012048116
2011-07-30 15:00:00,422.4429526396967
2011-07-30 16:00:00,422.79232695283105
2011-07-30 17:00:00,414.10738063514634
2011-07-30 18:00:00,387.9235878118224
2011-07-30 19:00:00,391.2658891073645
2011-07-30 20:00:00,328.87725459166853
2011-07-30 21:00:00,261.19452091893095
2011-07-30 22:00:00,257.1566692555303
2011-07-30 23:00:00,165.7118397786854
2011-07-31 00:00:00,152.68700181011798
2011-07-31 01:00:00,100.84184755609591
2011-07-31 02:00:00,85.88302911075495
2011-07-31 03:00:00,35.15145691808191
2011-07-31 04:00:00,10.308963480219711
2011-07-31 05:00:00,11.536039070129313
2011-07-31 06:00:00,26.514920343416474
2011-07-31 07:00:00,48.9126328948829
2011-07-31 08:00:00,122.40257142857145
2011-07-31 09:00:00,222.40067382739812
2011-07-31 10:00:00,331.9030476190476
2011-07-31 11:00:00,372.57677845318636
2011-07-31 12:00:00,419.758149810503
2011-07-31 13:00:00,424.63958048369466
2011-07-31 14:00:00,420.48701416370585
2011-07-31 15:00:00,378.97248597106403
2011-07-31 16:00:00,382.17216657015837
2011-07-31 17:00:00,390.1412692233306
2011-07-31 18:00:00,409.58960974110005
2011-07-31 19:00:00,337.2150046371768
2011-07-31 20:00:00,312.3071141376404
2011-07-31 21:00:00,230.202174890469
2011-07-31 22:00:00,145.51701515151515
2011-07-31 23:00:00,81.5335238095238
2011-08-20 00:00:00,123.8147560478737
2011-08-20 01:00:00,95.3534149057569
2011-08-20 02:00:00,69.10325193719679
2011-08-20 03:00:00,33.764211268500155
2011-08-20 04:00:00,11.004379356009151
2011-08-20 05:00:00,11.885538320647713
2011-08-20 06:00:00,26.771907215804433
2011-08-20 07:00:00,58.030241383616364
2011-08-20 08:00:00,132.02725
2011-08-20 09:00:00,256.93940388655466
2011-08-20 10:00:00,367.77204040404047
2011-08-20 11:00:00,459.6115605194928
2011-08-20 12:00:00,436.4822345260107
2011-08-20 13:00:00,442.745329157924
2011-08-20 14:00:00,468.0258770811852
2011-08-20 15:00:00,508.50008038985055
2011-08-20 16:00:00,478.72804347841185
2011-08-20 17:00:00,451.37094007373213
2011-08-20 18:00:00,403.36894690125433
2011-08-20 19:00:00,336.02505454591596
2011-08-20 20:00:00,306.39443845807773
2011-08-20 21:00:00,254.75555542636775
2011-08-20 22:00:00,175.38226618731005
2011-08-20 23:00:00,166.9343910004684
2011-08-21 00:00:00,152.1306812687312
2011-08-21 01:00:00,108.26258470044495
2011-08-21 02:00:00,77.14143923535259
2011-08-21 03:00:00,40.072310041072626
2011-08-21 04:00:00,10.051821207061352
2011-08-21 05:00:00,10.73983985288729
2011-08-21 06:00:00,12.346423786181138
2011-08-21 07:00:00,45.21261309523809
2011-08-21 08:00:00,96.32140909090911
2011-08-21 09:00:00,199.24950370340446
2011-08-21 10:00:00,286.5558127274414
2011-08-21 11:00:00,368.97414222659864
2011-08-21 12:00:00,413.493451389794
2011-08-21 13:00:00,463.5024028434523
2011-08-21 14:00:00,318.89237179487174
2011-08-21 15:00:00,346.096365486122
2011-08-21 16:00:00,334.28164668803424
2011-08-21 17:00:00,323.4071857600733
2011-08-21 18:00:00,309.43302693140197
2011-08-21 19:00:00,317.4274059148181
2011-08-21 20:00:00,247.3557576395827
2011-08-21 21:00:00,203.90427737841867
2011-08-21 22:00:00,148.70261904761904
2011-08-21 23:00:00,87.27305555555557
2011-08-22 00:00:00,36.01218629833576
2011-08-22 01:00:00,18.165749446135308
2011-08-22 02:00:00,10.014533239085216
2011-08-22 03:00:00,5.331453833074103
2011-08-22 04:00:00,6.944178013693391
2011-08-22 05:00:00,29.63144397063486
2011-08-22 06:00:00,111.77429214060793
2011-08-22 07:00:00,367.781108345246
2011-08-22 08:00:00,554.5980712576896
2011-08-22 09:00:00,234.04004165193967
2011-08-22 10:00:00,147.02380745304674
2011-08-22 11:00:00,178.88992057190617
2011-08-22 12:00:00,216.28953558481132
2011-08-22 13:00:00,214.01496158363742
2011-08-22 14:00:00,210.58206160776726
2011-08-22 15:00:00,209.74918085604827
2011-08-22 16:00:00,365.4888192792829
2011-08-22 17:00:00,623.2000421787521
2011-08-22 18:00:00,614.4570503217896
2011-08-22 19:00:00,479.249546667094
2011-08-22 20:00:00,392.69856390116774
2011-08-22 21:00:00,235.05445252044566
2011-08-22 22:00:00,135.47501785714286
2011-08-22 23:00:00,99.57769390331889
2011-08-23 00:00:00,36.459207789489795
2011-08-23 01:00:00,15.25639304353089
2011-08-23 02:00:00,9.947394515033722
2011-08-23 03:00:00,5.837942393862022
2011-08-23 04:00:00,6.316786915633122
2011-08-23 05:00:00,30.51426731888306
2011-08-23 06:00:00,128.43009280780313
2011-08-23 07:00:00,333.5978168600192
2011-08-23 08:00:00,608.3848571428572
2011-08-23 09:00:00,280.96511870808934
2011-08-23 10:00:00,168.3319523187604
2011-08-23 11:00:00,195.33314911398574
2011-08-23 12:00:00,258.52011410996414
2011-08-23 13:00:00,256.5012614976555
2011-08-23 14:00:00,245.4280682304148
2011-08-23 15:00:00,246.00455105840064
2011-08-23 16:00:00,376.52798266522854
2011-08-23 17:00:00,738.5786838028919
2011-08-23 18:00:00,718.4630751781275
2011-08-23 19:00:00,460.5341444414342
2011-08-23 20:00:00,356.9973761975823
2011-08-23 21:00:00,250.19865414702244
2011-08-23 22:00:00,173.82034103689975
2011-08-23 23:00:00,93.26957195582196
2011-08-24 00:00:00,41.702706509576394
2011-08-24 01:00:00,19.470935742713827
2011-08-24 02:00:00,9.6255142003714
2011-08-24 03:00:00,6.017924400461931
2011-08-24 04:00:00,6.631259535952879
2011-08-24 05:00:00,33.406283807034114
2011-08-24 06:00:00,143.19883279628658
2011-08-24 07:00:00,332.5960377945199
2011-08-24 08:00:00,580.5263530601871
2011-08-24 09:00:00,272.48143607079413
2011-08-24 10:00:00,142.73141531918998
2011-08-24 11:00:00,178.3455194218738
2011-08-24 12:00:00,205.08143307850412
2011-08-24 13:00:00,210.94607422831368
2011-08-24 14:00:00,210.23319637443714
2011-08-24 15:00:00,212.82579506577997
2011-08-24 16:00:00,320.9751173591561
2011-08-24 17:00:00,595.3622933009336
2011-08-24 18:00:00,620.8000906694289
2011-08-24 19:00:00,483.6896318806617
2011-08-24 20:00:00,350.72518769090254
2011-08-24 21:00:00,301.4578956252284
2011-08-24 22:00:00,196.20606472223633
2011-08-24 23:00:00,118.85030143467644
2011-08-25 00:00:00,51.89323256413948
2011-08-25 01:00:00,23.194489366287936
2011-08-25 02:00:00,9.610776939844408
2011-08-25 03:00:00,6.357561629533592
2011-08-25 04:00:00,8.505560331420718
2011-08-25 05:00:00,32.39665697137298
2011-08-25 06:00:00,146.94968564896593
2011-08-25 07:00:00,345.1255067909214
2011-08-25 08:00:00,482.48880279023507
2011-08-25 09:00:00,254.30739783174337
2011-08-25 10:00:00,149.9365721138296
2011-08-25 11:00:00,118.50744043006891
2011-08-25 12:00:00,143.35553274481842
2011-08-25 13:00:00,175.74135999702037
2011-08-25 14:00:00,217.19771656211026
2011-08-25 15:00:00,224.20139693255294
2011-08-25 16:00:00,342.1071875
2011-08-25 17:00:00,387.1258333333333
2011-08-25 18:00:00,364.12298644338125
2011-08-25 19:00:00,344.84790852130317
2011-08-25 20:00:00,288.2274535420142
2011-08-25 21:00:00,226.68377924147305
2011-08-25 22:00:00,174.9266068975628
2011-08-25 23:00:00,153.6437635975136
2011-08-26 00:00:00,75.97236390214191
2011-08-26 01:00:00,25.843497310057092
2011-08-26 02:00:00,12.218183961693097
2011-08-26 03:00:00,6.591265267765115
2011-08-26 04:00:00,7.220679110103299
2011-08-26 05:00:00,28.193564484657628
2011-08-26 06:00:00,119.76187329783318
2011-08-26 07:00:00,314.089373469732
2011-08-26 08:00:00,594.5199986746345
2011-08-26 09:00:00,319.7742224130359
2011-08-26 10:00:00,177.25843412547692
2011-08-26 11:00:00,212.3489422600613
2011-08-26 12:00:00,237.2363274134477
2011-08-26 13:00:00,260.60484012438087
2011-08-26 14:00:00,238.58829596135493
2011-08-26 15:00:00,264.1229870074043
2011-08-26 16:00:00,365.32823903632243
2011-08-26 17:00:00,427.49612531328324
2011-08-26 18:00:00,401.9620404540763
2011-08-26 19:00:00,356.31670413752914
2011-08-26 20:00:00,267.3154343275189
2011-08-26 21:00:00,239.88704528443424
2011-08-26 22:00:00,213.39330441939885
2011-08-26 23:00:00,162.4105666278166
2011-08-27 00:00:00,159.66451117044716
2011-08-27 01:00:00,91.09028689038992
2011-08-27 02:00:00,70.10005442082071
2011-08-27 03:00:00,39.46273729229147
2011-08-27 04:00:00,11.153229587564224
2011-08-27 05:00:00,12.87749169423766
2011-08-27 06:00:00,39.61494841269842
2011-08-27 07:00:00,52.001958333333334
2011-08-27 08:00:00,166.62601785714287
2011-08-27 09:00:00,258.76891666666666
2011-08-27 10:00:00,261.09627083333334
2011-08-27 11:00:00,216.94604166666664
2011-08-27 12:00:00,211.27104166666663
2011-08-27 13:00:00,231.33604166666663
2011-08-27 14:00:00,172.09104166666665
2011-08-27 15:00:00,180.06104166666665
2011-08-27 16:00:00,162.16604166666667
2011-08-27 17:00:00,156.45604166666666
2011-08-28 07:00:00,32.61304761904762
2011-08-28 08:00:00,80.08911764705883
2011-08-28 09:00:00,268.30173304473306
2011-08-28 10:00:00,392.40996486928105
2011-08-28 11:00:00,450.24298921993045
2011-08-28 12:00:00,488.2767528991554
2011-08-28 13:00:00,502.53434605524404
2011-08-28 14:00:00,521.9065316275376
2011-08-28 15:00:00,517.1474655629261
2011-08-28 16:00:00,499.96705667543
2011-08-28 17:00:00,522.8211802069685
2011-08-28 18:00:00,513.2687769195185
2011-08-28 19:00:00,376.4203893225568
2011-08-28 20:00:00,330.5267054851416
2011-08-28 21:00:00,222.0421948715283
2011-08-28 22:00:00,143.95429761904762
2011-08-28 23:00:00,87.97512194749696
2011-08-29 00:00:00,38.67121134160241
2011-08-29 01:00:00,15.104614657720482
2011-08-29 02:00:00,9.902557703934873
2011-08-29 03:00:00,6.252635740809854
2011-08-29 04:00:00,7.190477819394491
2011-08-29 05:00:00,30.68316598537741
2011-08-29 06:00:00,142.48283564249587
2011-08-29 07:00:00,399.2404780931452
2011-08-29 08:00:00,457.9436591004025
2011-08-29 09:00:00,267.95988589797145
2011-08-29 10:00:00,156.3773687193307
2011-08-29 11:00:00,195.03850475800292
2011-08-29 12:00:00,252.20340310629712
2011-08-29 13:00:00,249.32570475410702
2011-08-29 14:00:00,240.9998098869337
2011-08-29 15:00:00,241.92596028480494
2011-08-29 16:00:00,389.71190371988587
2011-08-29 17:00:00,656.5838952709984
2011-08-29 18:00:00,630.9845102341934
2011-08-29 19:00:00,471.19132426007184
2011-08-29 20:00:00,362.0393793663396
2011-08-29 21:00:00,234.48216313381587
2011-08-29 22:00:00,156.09158858543418
2011-08-29 23:00:00,90.00836596736598
2011-08-30 00:00:00,36.424291515007354
2011-08-30 01:00:00,15.373922479762918
2011-08-30 02:00:00,9.438479043703838
2011-08-30 03:00:00,5.412007743096834
2011-08-30 04:00:00,6.579787631087302
2011-08-30 05:00:00,33.69523589429811
2011-08-30 06:00:00,147.3831575430212
2011-08-30 07:00:00,414.5747640231678
2011-08-30 08:00:00,486.56392529716874
2011-08-30 09:00:00,258.45876424144166
2011-08-30 10:00:00,149.8187148736048
2011-08-30 11:00:00,187.59362335292582
2011-08-30 12:00:00,257.05601132876967
2011-08-30 13:00:00,254.8398810171993
2011-08-30 14:00:00,246.37872062178295
2011-08-30 15:00:00,245.7869294991347
2011-08-30 16:00:00,409.31370680885334
2011-08-30 17:00:00,733.772533190328
2011-08-30 18:00:00,685.3036353914994
2011-08-30 19:00:00,459.097847270969
2011-08-30 20:00:00,348.04265460387256
2011-08-30 21:00:00,256.7785155630384
2011-08-30 22:00:00,182.30419434947984
2011-08-30 23:00:00,116.03665168165168
2011-08-31 00:00:00,39.297300747155035
2011-08-31 01:00:00,20.818892170298913
2011-08-31 02:00:00,9.323128393147366
2011-08-31 03:00:00,6.206473117254647
2011-08-31 04:00:00,6.640362854121398
2011-08-31 05:00:00,32.66734253087441
2011-08-31 06:00:00,147.1840478756517
2011-08-31 07:00:00,392.39096439841126
2011-08-31 08:00:00,617.8290503662575
2011-08-31 09:00:00,265.2052082518631
2011-08-31 10:00:00,164.69187173441316
2011-08-31 11:00:00,187.40801291283603
2011-08-31 12:00:00,247.41519309482265
2011-08-31 13:00:00,263.6483615888603
2011-08-31 14:00:00,252.29650384232008
2011-08-31 15:00:00,255.31403392384328
2011-08-31 16:00:00,387.9690786026325
2011-08-31 17:00:00,708.3113054190535
2011-08-31 18:00:00,740.5379375003894
2011-08-31 19:00:00,480.8104768658628
2011-08-31 20:00:00,389.3935170133693
2011-08-31 21:00:00,281.644207827334
2011-08-31 22:00:00,222.89154628592627
2011-08-31 23:00:00,111.07400370022134
2011-09-20 00:00:00,35.03862816095277
2011-09-20 01:00:00,12.374046916209684
2011-09-20 02:00:00,5.467191314597527
2011-09-20 03:00:00,5.5089123538638205
2011-09-20 04:00:00,5.747593850404581
2011-09-20 05:00:00,27.472956225313524
2011-09-20 06:00:00,129.89786480051495
2011-09-20 07:00:00,375.06584310134303
2011-09-20 08:00:00,233.6125
2011-09-20 09:00:00,150.74
2011-09-20 10:00:00,75.7605631716252
2011-09-20 11:00:00,79.5142815782186
2011-09-20 12:00:00,88.80680602240896
2011-09-20 13:00:00,94.72905602240898
2011-09-20 14:00:00,166.56426229835327
2011-09-20 15:00:00,189.8516921065698
2011-09-20 16:00:00,226.92829023403266
2011-09-20 17:00:00,387.6823422619047
2011-09-20 18:00:00,372.2137399891775
2011-09-20 19:00:00,297.66034226190476
2011-09-20 20:00:00,178.4878045608727
2011-09-20 21:00:00,156.42006924184386
2011-09-20 22:00:00,171.82582090918885
2011-09-20 23:00:00,86.28593538324421
2011-09-21 00:00:00,29.50292483322357
2011-09-21 01:00:00,12.352389995326764
2011-09-21 02:00:00,7.40477564983879
2011-09-21 03:00:00,5.59077094417143
2011-09-21 04:00:00,5.94124140059865
2011-09-21 05:00:00,16.47367781685396
2011-09-21 06:00:00,109.42645653761441
2011-09-21 07:00:00,428.94275045787543
2011-09-21 08:00:00,479.6457218614718
2011-09-21 09:00:00,208.39416746659143
2011-09-21 10:00:00,121.86909691855845
2011-09-21 11:00:00,143.20369374389028
2011-09-21 12:00:00,192.6486727973397
2011-09-21 13:00:00,237.69955581354978
2011-09-21 14:00:00,229.98578551206538
2011-09-21 15:00:00,241.6270715701923
2011-09-21 16:00:00,290.35944402378385
2011-09-21 17:00:00,543.5206785481214
2011-09-21 18:00:00,291.4465642666157
2011-09-21 19:00:00,252.1045
2011-09-21 20:00:00,104.84234462759463
2011-09-21 21:00:00,106.80696793383814
2011-09-21 22:00:00,150.51564123376622
2011-09-21 23:00:00,84.48411112702657
2011-09-22 00:00:00,27.846307617337846
2011-09-22 01:00:00,13.674096545441687
2011-09-22 02:00:00,6.86474682485397
2011-09-22 03:00:00,6.017200268430144
2011-09-22 04:00:00,6.169643832979561
2011-09-22 05:00:00,26.152987369066505
2011-09-22 06:00:00,109.37405512523961
2011-09-22 07:00:00,405.1074694055943
2011-09-22 08:00:00,428.6318409090909
2011-09-22 09:00:00,253.53518073593074
2011-09-22 10:00:00,144.6082234161701
2011-09-22 11:00:00,146.79283170466135
2011-09-22 12:00:00,147.61258046828405
2011-09-22 13:00:00,146.591187132401
2011-09-22 14:00:00,142.17064940925536
2011-09-22 15:00:00,159.58608330106833
2011-09-22 16:00:00,302.33433584827884
2011-09-22 17:00:00,395.8307196684894
2011-09-22 18:00:00,249.1897617590743
2011-09-22 19:00:00,229.23347321428574
2011-09-22 20:00:00,120.23355867574975
2011-09-22 21:00:00,161.02397433960556
2011-09-22 22:00:00,154.47856503949265
2011-09-22 23:00:00,103.94973214285714
2011-09-23 00:00:00,35.26775000000001
2011-09-23 01:00:00,16.979714285714287
2011-09-23 02:00:00,9.752984276509299
2011-09-23 03:00:00,6.930167614557107
2011-09-23 04:00:00,5.126965036610965
2011-09-23 05:00:00,24.387958847385043
2011-09-23 06:00:00,118.41413403063487
2011-09-23 07:00:00,168.19241666666667
2011-09-23 08:00:00,228.487
2011-09-23 09:00:00,133.28491666666667
2011-09-23 10:00:00,78.52226336518696
2011-09-23 11:00:00,85.39849733954594
2011-09-23 12:00:00,82.64488160805519
2011-09-23 13:00:00,72.29419503918928
2011-09-23 14:00:00,76.17851322100746
2011-09-23 15:00:00,87.35631049317973
2011-09-23 16:00:00,159.13641666666666
2011-09-23 17:00:00,243.20840909090907
2011-09-23 18:00:00,238.0625
2011-09-23 19:00:00,239.9879464285714
2011-09-23 20:00:00,162.83417057099916
2011-09-23 21:00:00,155.41676485913504
2011-09-23 22:00:00,163.54058837690084
2011-09-23 23:00:00,110.55787500000001
2011-09-24 00:00:00,134.7048226073763
2011-09-24 01:00:00,86.55978420107108
2011-09-24 02:00:00,68.90578296703296
2011-09-24 03:00:00,37.12213855468577
2011-09-24 04:00:00,10.95762848467563
2011-09-24 05:00:00,14.259202271268999
2011-09-24 06:00:00,19.136993800135134
2011-09-24 07:00:00,54.467047619047605
2011-09-24 08:00:00,156.64184523809524
2011-09-24 09:00:00,183.74887164151187
2011-09-24 10:00:00,280.1590833333333
2011-09-24 11:00:00,301.35598260073255
2011-09-24 12:00:00,291.5263159340659
2011-09-24 13:00:00,379.37747623784264
2011-09-24 14:00:00,360.3127543846957
2011-09-24 15:00:00,359.98222660691795
2011-09-24 16:00:00,366.10280794779936
2011-09-24 17:00:00,361.55786689718326
2011-09-24 18:00:00,353.30129546861184
2011-09-24 19:00:00,205.10700935705597
2011-09-24 20:00:00,185.33304779481725
2011-09-24 21:00:00,162.3801439880763
2011-09-24 22:00:00,132.14621704684205
2011-09-24 23:00:00,132.3056233766234
2011-09-25 00:00:00,108.90529350265747
2011-09-25 01:00:00,89.58871824328628
2011-09-25 02:00:00,77.82695526695528
2011-09-25 03:00:00,38.69948627249943
2011-09-25 04:00:00,13.350815228206226
2011-09-25 05:00:00,19.549554424575145
2011-09-25 06:00:00,15.317358065953655
2011-09-25 07:00:00,38.19236904761905
2011-09-25 08:00:00,108.28916666666666
2011-09-25 09:00:00,166.93178296968733
2011-09-25 10:00:00,303.6922916666666
2011-09-25 11:00:00,338.4346087858501
2011-09-25 12:00:00,381.8500114942529
2011-09-25 13:00:00,406.0863670137334
2011-09-25 14:00:00,380.9525872518286
2011-09-25 15:00:00,377.4935342215256
2011-09-25 16:00:00,430.2372731193927
2011-09-25 17:00:00,390.115624589491
2011-09-25 18:00:00,387.273749589491
2011-09-25 19:00:00,195.24472727996348
2011-09-25 20:00:00,180.2466234907788
2011-09-25 21:00:00,154.38711904761902
2011-09-25 22:00:00,130.34279490592223
2011-09-25 23:00:00,101.14359615384616
2011-09-26 00:00:00,32.543482591040245
2011-09-26 01:00:00,14.549608976175328
2011-09-26 02:00:00,6.2056619817363625
2011-09-26 03:00:00,5.601880312320308
2011-09-26 04:00:00,6.75979636032253
2011-09-26 05:00:00,28.792603165860616
2011-09-26 06:00:00,127.50870439373429
2011-09-26 07:00:00,348.1538293650794
2011-09-26 08:00:00,487.65878787878785
2011-09-26 09:00:00,315.3090451515934
2011-09-26 10:00:00,141.27233407042354
2011-09-26 11:00:00,180.86447198134613
2011-09-26 12:00:00,164.4691248853873
2011-09-26 13:00:00,225.18018026702745
2011-09-26 14:00:00,255.40580491291527
2011-09-26 15:00:00,239.39203730972497
2011-09-26 16:00:00,382.22721999211535
2011-09-26 17:00:00,649.3952802308744
2011-09-26 18:00:00,346.8948333333334
2011-09-26 19:00:00,317.1861904761905
2011-09-26 20:00:00,220.99824396666597
2011-09-26 21:00:00,191.2549060704102
2011-09-26 22:00:00,167.68026504708737
2011-09-26 23:00:00,76.2879264069264
2011-09-27 00:00:00,29.098504907636524
2011-09-27 01:00:00,14.441759205497357
2011-09-27 02:00:00,7.356754983418816
2011-09-27 03:00:00,5.682026593695452
2011-09-27 04:00:00,4.402051037577147
2011-09-27 05:00:00,19.424142085948965
2011-09-27 06:00:00,139.61761901724333
2011-09-27 07:00:00,384.424882936508
2011-09-27 08:00:00,603.5296638179829
2011-09-27 09:00:00,172.44416666666663
2011-09-27 10:00:00,76.70435051194899
2011-09-27 11:00:00,139.84237516780243
2011-09-27 12:00:00,138.4005043109632
2011-09-27 13:00:00,218.97318695992405
2011-09-27 14:00:00,169.96663975671493
2011-09-27 15:00:00,154.1242692365323
2011-09-27 16:00:00,270.0522208055178
2011-09-27 17:00:00,473.34572222222226
2011-09-27 18:00:00,428.3128382936507
2011-09-27 19:00:00,325.86142559523813
2011-09-27 20:00:00,270.08927234601015
2011-09-27 21:00:00,186.7862778237173
2011-09-27 22:00:00,151.0912721225621
2011-09-27 23:00:00,80.35689375901876
2011-09-28 00:00:00,37.70147744796995
2011-09-28 01:00:00,15.357068290958091
2011-09-28 02:00:00,7.32820033634899
2011-09-28 03:00:00,5.637430365159799
2011-09-28 04:00:00,6.494734329376285
2011-09-28 05:00:00,28.238422596050146
2011-09-28 06:00:00,76.44823529411765
2011-09-28 07:00:00,116.065
2011-09-28 08:00:00,244.845
2011-09-28 09:00:00,166.09616666666668
2011-09-28 10:00:00,63.72723291925467
2011-09-28 11:00:00,172.12045766243375
2011-09-28 12:00:00,171.73369603202434
2011-09-28 13:00:00,223.10259930662414
2011-09-28 14:00:00,243.76856369498003
2011-09-28 15:00:00,265.40287653341517
2011-09-28 16:00:00,406.1118133966188
2011-09-28 17:00:00,754.3724650331434
2011-09-28 18:00:00,335.3564123376624
2011-09-28 19:00:00,306.7766964285714
2011-09-28 20:00:00,149.80395905108753
2011-09-28 21:00:00,159.9068716385001
2011-09-28 22:00:00,161.12302256673766
2011-09-28 23:00:00,84.11149045603092
2011-09-29 00:00:00,28.395605032276713
2011-09-29 01:00:00,12.577272500011356
2011-09-29 02:00:00,7.256250324857865
2011-09-29 03:00:00,5.440155403263897
2011-09-29 04:00:00,6.298328044812699
2011-09-29 05:00:00,32.1062338443144
2011-09-29 06:00:00,145.5742782947933
2011-09-29 07:00:00,387.8546648421025
2011-09-29 08:00:00,610.514021258851
2011-09-29 09:00:00,264.06075802450476
2011-09-29 10:00:00,181.0324113553231
2011-09-29 11:00:00,220.71647581978624
2011-09-29 12:00:00,277.0822180782891
2011-09-29 13:00:00,266.6774535878556
2011-09-29 14:00:00,239.63696487604363
2011-09-29 15:00:00,249.7164239891369
2011-09-29 16:00:00,428.0649893766386
2011-09-29 17:00:00,663.41207241445
2011-09-29 18:00:00,865.2175245470539
2011-09-29 19:00:00,539.8839767557241
2011-09-29 20:00:00,394.51592655440794
2011-09-29 21:00:00,263.8718801024633
2011-09-29 22:00:00,217.24325496088855
2011-09-29 23:00:00,130.04505812569073
2011-09-30 00:00:00,58.632709140237154
2011-09-30 01:00:00,34.029428675045736
2011-09-30 02:00:00,11.304437177424507
2011-09-30 03:00:00,7.36147865044048
2011-09-30 04:00:00,7.707796862811372
2011-09-30 05:00:00,35.55413235888665
2011-09-30 06:00:00,131.6223393476734
2011-09-30 07:00:00,361.24395569985563
2011-09-30 08:00:00,639.1832003705106
2011-09-30 09:00:00,296.3156961352822
2011-09-30 10:00:00,223.90230398764083
2011-09-30 11:00:00,244.08910213956145
2011-09-30 12:00:00,327.5141774496498
2011-09-30 13:00:00,286.9239721826384
2011-09-30 14:00:00,311.57935777906806
2011-09-30 15:00:00,301.4787462339358
2011-09-30 16:00:00,378.24817567913783
2011-09-30 17:00:00,675.3099959735551
2011-09-30 18:00:00,512.6034862304372
2011-09-30 19:00:00,352.8062293591071
2011-09-30 20:00:00,259.78754390891703
2011-09-30 21:00:00,206.5143374368047
2011-09-30 22:00:00,153.20610899847898
2011-09-30 23:00:00,136.2081907989671
2011-10-20 00:00:00,28.288094501141185
2011-10-20 01:00:00,14.828558089680953
2011-10-20 02:00:00,9.150092831383331
2011-10-20 03:00:00,5.799158393117266
2011-10-20 04:00:00,7.268734106934089
2011-10-20 05:00:00,33.74124493888365
2011-10-20 06:00:00,139.59157616579327
2011-10-20 07:00:00,360.7261790293041
2011-10-20 08:00:00,607.8068372460872
2011-10-20 09:00:00,237.31266440503938
2011-10-20 10:00:00,177.46934706861032
2011-10-20 11:00:00,217.20465995898664
2011-10-20 12:00:00,252.58992319790275
2011-10-20 13:00:00,245.65266593399755
2011-10-20 14:00:00,243.90382671819597
2011-10-20 15:00:00,224.2239311857168
2011-10-20 16:00:00,321.5248605717923
2011-10-20 17:00:00,677.6710743527597
2011-10-20 18:00:00,645.5254609141809
2011-10-20 19:00:00,563.5558979693553
2011-10-20 20:00:00,313.4830887857156
2011-10-20 21:00:00,210.49302361991124
2011-10-20 22:00:00,153.2564941897082
2011-10-20 23:00:00,113.33644472847412
2011-10-21 00:00:00,60.139908094764735
2011-10-21 01:00:00,28.955910050532992
2011-10-21 02:00:00,13.58151977826954
2011-10-21 03:00:00,6.567678165516082
2011-10-21 04:00:00,6.497535232720694
2011-10-21 05:00:00,30.15760162685989
2011-10-21 06:00:00,128.34957554945055
2011-10-21 07:00:00,337.0884748077374
2011-10-21 08:00:00,542.9931349206349
2011-10-21 09:00:00,336.24759297565186
2011-10-21 10:00:00,207.41143785472295
2011-10-21 11:00:00,236.12048158785595
2011-10-21 12:00:00,253.4594272934225
2011-10-21 13:00:00,247.9399282692292
2011-10-21 14:00:00,325.99891290845727
2011-10-21 15:00:00,258.997012632026
2011-10-21 16:00:00,316.7759105563773
2011-10-21 17:00:00,648.419541760199
2011-10-21 18:00:00,605.2905478422086
2011-10-21 19:00:00,507.5595269766997
2011-10-21 20:00:00,300.71838184218
2011-10-21 21:00:00,213.83186794551293
2011-10-21 22:00:00,163.67791155693175
2011-10-21 23:00:00,104.991101995227
2011-10-22 00:00:00,107.53635918028407
2011-10-22 01:00:00,84.64290964479231
2011-10-22 02:00:00,64.5586691086691
2011-10-22 03:00:00,24.904114720461862
2011-10-22 04:00:00,8.625966055598836
2011-10-22 05:00:00,8.990899790513417
2011-10-22 06:00:00,22.308610321257703
2011-10-22 07:00:00,59.50246256740334
2011-10-22 08:00:00,107.40906132756135
2011-10-22 09:00:00,218.90608957693019
2011-10-22 10:00:00,322.17385515873025
2011-10-22 11:00:00,359.7703992216789
2011-10-22 12:00:00,419.71886442778714
2011-10-22 13:00:00,584.0022820415252
2011-10-22 14:00:00,467.28832689614313
2011-10-22 15:00:00,432.99119025646695
2011-10-22 16:00:00,561.759043904662
2011-10-22 17:00:00,420.48290013122244
2011-10-22 18:00:00,373.1415839445643
2011-10-22 19:00:00,227.1495881810636
2011-10-22 20:00:00,203.30965401207877
2011-10-22 21:00:00,180.29745665570798
2011-10-22 22:00:00,163.2429528514249
2011-10-22 23:00:00,127.12797197247197
2011-10-23 00:00:00,130.51592182379022
2011-10-23 01:00:00,89.50482692550351
2011-10-23 02:00:00,71.92238911088913
2011-10-23 03:00:00,34.641180019069346
2011-10-23 04:00:00,10.313706734055936
2011-10-23 05:00:00,10.078516306343571
2011-10-23 06:00:00,20.256646669039775
2011-10-23 07:00:00,45.34950062656642
2011-10-23 08:00:00,102.82151035437994
2011-10-23 09:00:00,192.80361924024925
2011-10-23 10:00:00,307.675470904096
2011-10-23 11:00:00,337.4056676795428
2011-10-23 12:00:00,443.8887049486462
2011-10-23 13:00:00,526.6380447753604
2011-10-23 14:00:00,521.2890195228352
2011-10-23 15:00:00,526.7018567819813
2011-10-23 16:00:00,526.9989785499193
2011-10-23 17:00:00,424.3255512499198
2011-10-23 18:00:00,396.0794594338411
2011-10-23 19:00:00,214.19089836808627
2011-10-23 20:00:00,176.02294324821887
2011-10-23 21:00:00,143.65557797686722
2011-10-23 22:00:00,102.20992559523809
2011-10-23 23:00:00,83.29483026695527
2011-10-24 00:00:00,43.12347315967199
2011-10-24 01:00:00,12.588382268749008
2011-10-24 02:00:00,5.624998617290147
2011-10-24 03:00:00,6.330345349491488
2011-10-24 04:00:00,7.217933767289103
2011-10-24 05:00:00,28.741373480042483
2011-10-24 06:00:00,109.99297270750408
2011-10-24 07:00:00,330.4410024420024
2011-10-24 08:00:00,628.2580833333334
2011-10-24 09:00:00,279.61257692307686
2011-10-24 10:00:00,137.94184793518914
2011-10-24 11:00:00,182.00149529747657
2011-10-24 12:00:00,218.6100973336731
2011-10-24 13:00:00,225.01095523133606
2011-10-24 14:00:00,216.16530753850316
2011-10-24 15:00:00,217.92109594745745
2011-10-24 16:00:00,316.7766937796463
2011-10-24 17:00:00,659.0744763145747
2011-10-24 18:00:00,610.7320620262179
2011-10-24 19:00:00,213.835
2011-10-24 20:00:00,218.21224955786124
2011-10-24 21:00:00,197.37126057892272
2011-10-24 22:00:00,127.71587998770234
2011-10-24 23:00:00,82.71541983016985
2011-10-25 00:00:00,46.28914569648856
2011-10-25 01:00:00,18.318510981898065
2011-10-25 02:00:00,5.998169207302498
2011-10-25 03:00:00,5.3981355544589
2011-10-25 04:00:00,6.055683431564149
2011-10-25 05:00:00,28.722117714629412
2011-10-25 06:00:00,130.6918618557945
2011-10-25 07:00:00,347.1864436396936
2011-10-25 08:00:00,687.1300339105342
2011-10-25 09:00:00,341.8264511175099
2011-10-25 10:00:00,175.29012502318116
2011-10-25 11:00:00,202.92350394920402
2011-10-25 12:00:00,266.54327005026425
2011-10-25 13:00:00,244.86923150903124
2011-10-25 14:00:00,250.55592130601795
2011-10-25 15:00:00,256.56527187661095
2011-10-25 16:00:00,424.6544063415089
2011-10-25 17:00:00,819.2924040384711
2011-10-25 18:00:00,816.058550445169
2011-10-25 19:00:00,416.5532460853711
2011-10-25 20:00:00,261.06847887903075
2011-10-25 21:00:00,193.27667497355634
2011-10-25 22:00:00,151.73951031335488
2011-10-25 23:00:00,106.05130732837428
2011-10-26 00:00:00,50.17171890702643
2011-10-26 01:00:00,17.11493452187296
2011-10-26 02:00:00,8.651458684339834
2011-10-26 03:00:00,5.365193116118053
2011-10-26 04:00:00,6.033893381966397
2011-10-26 05:00:00,37.35422840151463
2011-10-26 06:00:00,139.6850621856214
2011-10-26 07:00:00,378.9510411025538
2011-10-26 08:00:00,588.1933635808635
2011-10-26 09:00:00,278.55857670107673
2011-10-26 10:00:00,168.05974540281343
2011-10-26 11:00:00,185.31983204180946
2011-10-26 12:00:00,215.38975800904024
2011-10-26 13:00:00,197.8217680132782
2011-10-26 14:00:00,196.55322838022153
2011-10-26 15:00:00,196.16484130627873
2011-10-26 16:00:00,237.30938091634872
2011-10-26 17:00:00,498.876890741464
2011-10-26 18:00:00,537.6208258822851
2011-10-26 19:00:00,287.53713095238095
2011-10-26 20:00:00,180.26923802884477
2011-10-26 21:00:00,198.8733735794813
2011-10-26 22:00:00,159.62301485376136
2011-10-26 23:00:00,72.38575134587634
2011-10-27 00:00:00,37.902373477764925
2011-10-27 01:00:00,12.78508362868089
2011-10-27 02:00:00,7.517218516548826
2011-10-27 03:00:00,3.811580686673649
2011-10-27 04:00:00,4.956134370645759
2011-10-27 05:00:00,30.840230546448435
2011-10-27 06:00:00,84.77
2011-10-27 07:00:00,347.1972619047619
2011-10-27 08:00:00,331.7
2011-10-27 09:00:00,318.77791819985566
2011-10-27 10:00:00,81.40111980806186
2011-10-27 11:00:00,83.51303879484041
2011-10-27 12:00:00,83.30735266846679
2011-10-27 13:00:00,168.3842586336333
2011-10-27 14:00:00,145.34728182986615
2011-10-27 15:00:00,171.95273171827904
2011-10-27 16:00:00,328.1381762145484
2011-10-27 17:00:00,578.99790136458
2011-10-27 18:00:00,506.4244395642035
2011-10-27 19:00:00,338.9554966736694
2011-10-27 20:00:00,240.78532051610628
2011-10-27 21:00:00,204.89435279883338
2011-10-27 22:00:00,128.23044377448156
2011-10-27 23:00:00,102.59562642652756
2011-10-28 00:00:00,57.74832232636645
2011-10-28 01:00:00,27.484518467643465
2011-10-28 02:00:00,11.836398434254084
2011-10-28 03:00:00,6.167320249097406
2011-10-28 04:00:00,6.712878569050321
2011-10-28 05:00:00,32.00232284763714
2011-10-28 06:00:00,126.61549246586746
2011-10-28 07:00:00,362.35177510612317
2011-10-28 08:00:00,592.361896825397
2011-10-28 09:00:00,323.1384880813632
2011-10-28 10:00:00,184.65306124174043
2011-10-28 11:00:00,229.2110232312656
2011-10-28 12:00:00,281.7227768537848
2011-10-28 13:00:00,279.67845759781926
2011-10-28 14:00:00,260.8505022745705
2011-10-28 15:00:00,263.1998808738311
2011-10-28 16:00:00,329.3811982294995
2011-10-28 17:00:00,566.2175493432184
2011-10-28 18:00:00,568.116249968021
2011-10-28 19:00:00,471.3150048215673
2011-10-28 20:00:00,208.7382513421114
2011-10-28 21:00:00,135.10445170036542
2011-10-28 22:00:00,107.9322611832612
2011-10-28 23:00:00,84.27614285714284
2011-10-29 00:00:00,70.295
2011-10-29 01:00:00,53.84033333333333
2011-10-29 02:00:00,40.480769230769226
2011-10-29 03:00:00,12.72288528138528
2011-10-29 04:00:00,7.402918280635775
2011-10-29 05:00:00,5.060741946778711
2011-10-29 06:00:00,18.65395829732377
2011-10-29 07:00:00,38.53375
2011-10-29 08:00:00,81.03189285714285
2011-10-29 09:00:00,78.06050892857142
2011-10-29 10:00:00,127.2325
2011-10-29 11:00:00,126.76
2011-10-29 12:00:00,148.535
2011-10-29 13:00:00,150.29
2011-10-29 14:00:00,152.36
2011-10-29 15:00:00,167.36
2011-10-29 16:00:00,137.115
2011-10-29 17:00:00,131.13
2011-10-29 18:00:00,124.36
2011-10-29 19:00:00,151.54867460317456
2011-10-29 20:00:00,146.59516756854254
2011-10-29 21:00:00,137.99751677489178
2011-10-29 22:00:00,100.78623611111112
2011-10-29 23:00:00,81.96205357142858
2011-10-30 00:00:00,79.938
2011-10-30 01:00:00,64.41383333333334
2011-10-30 02:00:00,44.88416666666666
2011-10-30 03:00:00,15.198207875457875
2011-10-30 04:00:00,5.634782675054414
2011-10-30 05:00:00,4.734012952325451
2011-10-30 06:00:00,18.27311045802856
2011-10-30 07:00:00,45.1150347174755
2011-10-30 08:00:00,90.0750753968254
2011-10-30 09:00:00,164.62547440357827
2011-10-30 10:00:00,257.5063807720058
2011-10-30 11:00:00,306.6175380561631
2011-10-30 12:00:00,377.65262420520025
2011-10-30 13:00:00,425.0868720420666
2011-10-30 14:00:00,456.41359828885186
2011-10-30 15:00:00,440.848041208791
2011-10-30 16:00:00,412.89904716117206
2011-10-30 17:00:00,376.99552579365076
2011-10-30 18:00:00,259.2885
2011-10-30 19:00:00,304.63546078331984
2011-10-30 20:00:00,217.0835242396489
2011-10-30 21:00:00,121.53374643726465
2011-10-30 22:00:00,67.1
2011-10-30 23:00:00,57.66133333333333
2011-10-31 00:00:00,20.063521528325474
2011-10-31 01:00:00,9.303206109591848
2011-10-31 02:00:00,4.140561260451819
2011-10-31 03:00:00,5.08449821670488
2011-10-31 04:00:00,5.69409895988664
2011-10-31 05:00:00,24.967645502482416
2011-10-31 06:00:00,106.64194409430439
2011-10-31 07:00:00,315.7771349206349
2011-10-31 08:00:00,459.66337500000003
2011-10-31 09:00:00,256.8923455988456
2011-10-31 10:00:00,202.3781996799884
2011-10-31 11:00:00,225.76736315510087
2011-10-31 12:00:00,269.24754943247535
2011-10-31 13:00:00,282.5939136684184
2011-10-31 14:00:00,274.8020447022462
2011-10-31 15:00:00,276.68661847752946
2011-10-31 16:00:00,342.2516838137664
2011-10-31 17:00:00,559.451802244793
2011-10-31 18:00:00,455.96735610837976
2011-10-31 19:00:00,335.6517845177697
2011-10-31 20:00:00,211.83037792488372
2011-10-31 21:00:00,182.13956372010836
2011-10-31 22:00:00,107.76046341382633
2011-10-31 23:00:00,64.64288817146905
2011-11-20 00:00:00,116.95101069543556
2011-11-20 01:00:00,85.35399340206575
2011-11-20 02:00:00,67.30307738095239
2011-11-20 03:00:00,29.53538428238428
2011-11-20 04:00:00,9.30255138115621
2011-11-20 05:00:00,8.424389822685988
2011-11-20 06:00:00,19.733783819797516
2011-11-20 07:00:00,43.96269977025898
2011-11-20 08:00:00,74.54890873015873
2011-11-20 09:00:00,189.1446821810065
2011-11-20 10:00:00,335.91972312409814
2011-11-20 11:00:00,415.1318834586466
2011-11-20 12:00:00,402.3963908869768
2011-11-20 13:00:00,416.07886141644724
2011-11-20 14:00:00,445.90803431372564
2011-11-20 15:00:00,390.67435302176324
2011-11-20 16:00:00,400.60927507141975
2011-11-20 17:00:00,381.3287993508685
2011-11-20 18:00:00,389.14237474769385
2011-11-20 19:00:00,245.53273309799704
2011-11-20 20:00:00,210.93327940614995
2011-11-20 21:00:00,157.2120245640377
2011-11-20 22:00:00,71.2952670940171
2011-11-20 23:00:00,62.16179487179488
2011-11-21 00:00:00,30.087829429763556
2011-11-21 01:00:00,8.126627813703385
2011-11-21 02:00:00,6.943318864354992
2011-11-21 03:00:00,3.9202748211964225
2011-11-21 04:00:00,4.511900463334113
2011-11-21 05:00:00,16.340812865497075
2011-11-21 06:00:00,107.00999999999998
2011-11-21 07:00:00,300.6238888888889
2011-11-21 08:00:00,544.0513333333333
2011-11-21 09:00:00,245.63109615384616
2011-11-21 10:00:00,137.5082966122769
2011-11-21 11:00:00,144.16980859730947
2011-11-21 12:00:00,200.6668086287431
2011-11-21 13:00:00,199.474219077926
2011-11-21 14:00:00,189.22067758998935
2011-11-21 15:00:00,180.3875416666667
2011-11-21 16:00:00,211.663375
2011-11-21 17:00:00,131.58
2011-11-21 18:00:00,174.06333333333336
2011-11-21 19:00:00,150.4719696969697
2011-11-21 20:00:00,204.27828571428574
2011-11-21 21:00:00,180.2694761904762
2011-11-21 22:00:00,91.12369139194139
2011-11-21 23:00:00,52.67497315592904
2011-11-22 00:00:00,24.380242630834076
2011-11-22 01:00:00,7.881976168113746
2011-11-22 02:00:00,5.446175574690764
2011-11-22 03:00:00,3.9427577144655483
2011-11-22 04:00:00,4.852227781836836
2011-11-22 05:00:00,18.15488042699437
2011-11-22 06:00:00,104.4337675070028
2011-11-22 07:00:00,136.98
2011-11-22 08:00:00,167.27125
2011-11-22 09:00:00,140.8925
2011-11-22 10:00:00,55.691487373737374
2011-11-22 11:00:00,62.96449988236401
2011-11-22 12:00:00,60.5170137712529
2011-11-22 13:00:00,57.80118043791956
2011-11-22 14:00:00,57.362458215697345
2011-11-22 15:00:00,63.566719038208156
2011-11-22 16:00:00,112.80456120992534
2011-11-22 17:00:00,144.40833333333333
2011-11-22 18:00:00,135.55
2011-11-22 19:00:00,191.15714285714287
2011-11-22 20:00:00,153.30598783207626
2011-11-22 21:00:00,152.56210238761963
2011-11-22 22:00:00,153.3647459231558
2011-11-22 23:00:00,72.89322868920294
2011-11-23 00:00:00,23.0586446938854
2011-11-23 01:00:00,11.863824075103965
2011-11-23 02:00:00,6.02707905347357
2011-11-23 03:00:00,4.354545109285768
2011-11-23 04:00:00,5.363111676174369
2011-11-23 05:00:00,23.471856848038396
2011-11-23 06:00:00,99.55
2011-11-23 07:00:00,329.98416666666674
2011-11-23 08:00:00,541.8315833333334
2011-11-23 09:00:00,268.8869291125541
2011-11-23 10:00:00,105.84876477138943
2011-11-23 11:00:00,180.21027334532607
2011-11-23 12:00:00,199.58901332006545
2011-11-23 13:00:00,201.0482557948985
2011-11-23 14:00:00,202.23239571395382
2011-11-23 15:00:00,205.21357480068798
2011-11-23 16:00:00,282.75556959035845
2011-11-23 17:00:00,174.3840518925519
2011-11-23 18:00:00,500.49113979411106
2011-11-23 19:00:00,337.19136089029683
2011-11-23 20:00:00,221.07574503659964
2011-11-23 21:00:00,171.78720608628578
2011-11-23 22:00:00,128.249646062218
2011-11-23 23:00:00,94.72825144953086
2011-11-24 00:00:00,66.23017726717727
2011-11-24 01:00:00,32.77411652236652
2011-11-24 02:00:00,14.154853715728716
2011-11-24 03:00:00,7.319486493582246
2011-11-24 04:00:00,7.035127205881828
2011-11-24 05:00:00,16.785376623376624
2011-11-24 06:00:00,40.555381056874154
2011-11-24 07:00:00,191.71599999999998
2011-11-24 08:00:00,297.06873809523813
2011-11-24 09:00:00,296.76639253393665
2011-11-24 10:00:00,211.7422495364379
2011-11-24 11:00:00,220.43232112426048
2011-11-24 12:00:00,274.96584593715266
2011-11-24 13:00:00,313.29669112552546
2011-11-24 14:00:00,330.21107140928615
2011-11-24 15:00:00,320.7072142235778
2011-11-24 16:00:00,348.5442703932238
2011-11-24 17:00:00,424.1161402139527
2011-11-24 18:00:00,289.8699572549527
2011-11-24 19:00:00,276.04107936507944
2011-11-24 20:00:00,220.62056879351053
2011-11-24 21:00:00,164.28451117132633
2011-11-24 22:00:00,139.36488330898723
2011-11-24 23:00:00,108.98024053870103
2011-11-25 00:00:00,49.25103282828283
2011-11-25 01:00:00,21.74646195652174
2011-11-25 02:00:00,10.659864676688981
2011-11-25 03:00:00,7.0431965653639885
2011-11-25 04:00:00,7.013024923369894
2011-11-25 05:00:00,29.022255005709695
2011-11-25 06:00:00,95.44851155462186
2011-11-25 07:00:00,282.30775578149917
2011-11-25 08:00:00,504.14853962703967
2011-11-25 09:00:00,260.2100969169719
2011-11-25 10:00:00,161.25724044125886
2011-11-25 11:00:00,163.5347455634438
2011-11-25 12:00:00,213.0457605707653
2011-11-25 13:00:00,241.0287882870714
2011-11-25 14:00:00,322.3781511643467
2011-11-25 15:00:00,340.00725310599887
2011-11-25 16:00:00,367.5358609765795
2011-11-25 17:00:00,619.639242445055
2011-11-25 18:00:00,512.5501499965759
2011-11-25 19:00:00,286.4156325733134
2011-11-25 20:00:00,223.020054544758
2011-11-25 21:00:00,180.85121285025227
2011-11-25 22:00:00,154.03962745373138
2011-11-25 23:00:00,135.79418433101984
2011-11-26 00:00:00,119.24274176553504
2011-11-26 01:00:00,94.82195520219759
2011-11-26 02:00:00,58.1434915223665
2011-11-26 03:00:00,24.390799381174382
2011-11-26 04:00:00,8.518682242130684
2011-11-26 05:00:00,6.900717511205499
2011-11-26 06:00:00,17.326791233831706
2011-11-26 07:00:00,61.59295246639324
2011-11-26 08:00:00,115.92383964646464
2011-11-26 09:00:00,216.96266843171463
2011-11-26 10:00:00,300.6702930084621
2011-11-26 11:00:00,414.6226297623458
2011-11-26 12:00:00,422.5097671788314
2011-11-26 13:00:00,509.1251524726163
2011-11-26 14:00:00,494.4893483154918
2011-11-26 15:00:00,512.9133342368967
2011-11-26 16:00:00,419.7892623880849
2011-11-26 17:00:00,359.35121461802714
2011-11-26 18:00:00,277.7157901203329
2011-11-26 19:00:00,202.10778749181554
2011-11-26 20:00:00,205.61576782705708
2011-11-26 21:00:00,159.91026473982436
2011-11-26 22:00:00,142.21845682026225
2011-11-26 23:00:00,130.29995573870573
2011-11-27 00:00:00,114.89095158569498
2011-11-27 01:00:00,97.9115115384052
2011-11-27 02:00:00,54.33817157842158
2011-11-27 03:00:00,39.442003327340025
2011-11-27 04:00:00,9.50774490458424
2011-11-27 05:00:00,9.371291127737958
2011-11-27 06:00:00,19.038249654504604
2011-11-27 07:00:00,39.9814411027569
2011-11-27 08:00:00,87.07378105590061
2011-11-27 09:00:00,177.1068368306022
2011-11-27 10:00:00,306.79628521478526
2011-11-27 11:00:00,437.25377380952386
2011-11-27 12:00:00,502.0255600663562
2011-11-27 13:00:00,487.49843863601143
2011-11-27 14:00:00,598.3287089918525
2011-11-27 15:00:00,582.3404553130862
2011-11-27 16:00:00,494.66784696478476
2011-11-27 17:00:00,486.53209999765653
2011-11-27 18:00:00,409.17040748578904
2011-11-27 19:00:00,255.34662603892463
2011-11-27 20:00:00,217.63676561429278
2011-11-27 21:00:00,143.07483643666276
2011-11-27 22:00:00,114.96139384920635
2011-11-27 23:00:00,84.5418077122153
2011-11-28 00:00:00,43.902827545244044
2011-11-28 01:00:00,19.41691996940102
2011-11-28 03:00:00,5.056543636555251
2011-11-28 04:00:00,7.469532773395116
2011-11-28 05:00:00,28.13537219050227
2011-11-28 06:00:00,101.99188342178974
2011-11-28 07:00:00,355.1321016483517
2011-11-28 08:00:00,570.8575555555556
2011-11-28 09:00:00,266.1273141025641
2011-11-28 10:00:00,163.1972020050896
2011-11-28 11:00:00,161.33082484468585
2011-11-28 12:00:00,209.59748634046053
2011-11-28 13:00:00,209.40184411440987
2011-11-28 14:00:00,242.83543334514627
2011-11-28 15:00:00,210.08588380346885
2011-11-28 16:00:00,341.79049474613913
2011-11-28 17:00:00,598.5806508811531
2011-11-28 18:00:00,632.535783945126
2011-11-28 19:00:00,414.06765918803416
2011-11-28 20:00:00,296.2394615748085
2011-11-28 21:00:00,216.92147024171936
2011-11-28 22:00:00,139.98259438180864
2011-11-28 23:00:00,68.18636207175179
2011-11-29 00:00:00,29.586578467587486
2011-11-29 01:00:00,12.819945786375365
2011-11-29 02:00:00,5.549453763480144
2011-11-29 03:00:00,5.376606155825289
2011-11-29 04:00:00,6.997643237765752
2011-11-29 05:00:00,28.89701946168915
2011-11-29 06:00:00,100.70365541695145
2011-11-29 07:00:00,402.7682748366013
2011-11-29 08:00:00,519.8880883699635
2011-11-29 09:00:00,264.3439393939394
2011-11-29 10:00:00,141.37057958800878
2011-11-29 11:00:00,73.06172330179035
2011-11-29 12:00:00,85.38511226930964
2011-11-29 13:00:00,136.09184896517544
2011-11-29 14:00:00,58.32994649131061
2011-11-29 15:00:00,81.83026504708741
2011-11-29 16:00:00,103.1445447862905
2011-11-29 17:00:00,447.83375028290686
2011-11-29 18:00:00,460.5772252342138
2011-11-29 19:00:00,294.638906756642
2011-11-29 20:00:00,180.93821835413758
2011-11-29 21:00:00,161.71753755596944
2011-11-29 22:00:00,113.92840823428435
2011-11-29 23:00:00,73.61703061481003
2011-11-30 00:00:00,39.9927453622669
2011-11-30 01:00:00,17.126588071735927
2011-11-30 02:00:00,6.3487766675553186
2011-11-30 03:00:00,5.130651142606008
2011-11-30 04:00:00,6.2310501067185
2011-11-30 05:00:00,24.589069931352405
2011-11-30 06:00:00,95.29576750700281
2011-11-30 07:00:00,328.962302565125
2011-11-30 08:00:00,524.0204987234988
2011-11-30 09:00:00,269.4325146373235
2011-11-30 10:00:00,155.19042779161578
2011-11-30 11:00:00,189.34588014997706
2011-11-30 12:00:00,205.63219609450232
2011-11-30 13:00:00,219.91592866645263
2011-11-30 14:00:00,216.86398233237244
2011-11-30 15:00:00,221.03693863472537
2011-11-30 16:00:00,322.2444155683829
2011-11-30 17:00:00,553.291907229307
2011-11-30 18:00:00,530.3043419477453
2011-11-30 19:00:00,357.6628856911062
2011-11-30 20:00:00,229.36896494701728
2011-11-30 21:00:00,178.5181183447407
2011-11-30 22:00:00,121.12517761712783
2011-11-30 23:00:00,74.76814543789544
2011-12-20 00:00:00,34.00989115579228
2011-12-20 01:00:00,12.242620589512367
2011-12-20 02:00:00,5.787777584500471
2011-12-20 03:00:00,5.059990939920146
2011-12-20 04:00:00,8.015668984674088
2011-12-20 05:00:00,35.98850566571001
2011-12-20 06:00:00,123.58215162907267
2011-12-20 07:00:00,350.4268511904762
2011-12-20 08:00:00,677.5521477688977
2011-12-20 09:00:00,245.10536205461202
2011-12-20 10:00:00,144.18095383941719
2011-12-20 11:00:00,149.09609996369326
2011-12-20 12:00:00,195.11210374277817
2011-12-20 13:00:00,195.38770362936557
2011-12-20 14:00:00,185.9916845898467
2011-12-20 15:00:00,195.71243582552165
2011-12-20 16:00:00,287.3764900183797
2011-12-20 17:00:00,494.7317924056969
2011-12-20 18:00:00,458.1265914479617
2011-12-20 19:00:00,282.71318481396486
2011-12-20 20:00:00,203.9163989197971
2011-12-20 21:00:00,173.3272931303144
2011-12-20 22:00:00,120.80747537423076
2011-12-20 23:00:00,100.18073214285714
2011-12-21 00:00:00,38.78254032546618
2011-12-21 01:00:00,17.042348974104748
2011-12-21 02:00:00,7.093138726890122
2011-12-21 03:00:00,4.906298483144096
2011-12-21 04:00:00,5.655203717008759
2011-12-21 05:00:00,28.238286832023515
2011-12-21 06:00:00,122.14146393557422
2011-12-21 07:00:00,332.25181568504604
2011-12-21 08:00:00,184.925
2011-12-21 09:00:00,277.9787555214393
2011-12-21 10:00:00,148.8586305194001
2011-12-21 11:00:00,153.34834177296133
2011-12-21 12:00:00,78.18860775993012
2011-12-21 13:00:00,52.90006827675248
2011-12-21 14:00:00,177.56245911884955
2011-12-21 15:00:00,187.25298509287552
2011-12-21 16:00:00,69.75216071428572
2011-12-21 17:00:00,114.11805555555554
2011-12-21 18:00:00,325.7344563492063
2011-12-21 19:00:00,266.42525
2011-12-21 20:00:00,152.98222260582554
2011-12-21 21:00:00,200.54508517469768
2011-12-21 22:00:00,146.89989311152848
2011-12-21 23:00:00,89.38411820818068
2011-12-22 00:00:00,49.59516157314908
2011-12-22 01:00:00,15.313071781685599
2011-12-22 02:00:00,9.67737022780709
2011-12-22 03:00:00,5.735905395157225
2011-12-22 04:00:00,6.2307911727927365
2011-12-22 05:00:00,29.81549413328968
2011-12-22 06:00:00,117.69465838001867
2011-12-22 07:00:00,310.82693452380954
2011-12-22 08:00:00,523.9554621212121
2011-12-22 09:00:00,252.6024479270729
2011-12-22 10:00:00,132.57679712235318
2011-12-22 11:00:00,173.05216370864767
2011-12-22 12:00:00,182.8374371947874
2011-12-22 13:00:00,179.21287816897754
2011-12-22 14:00:00,179.34226373792563
2011-12-22 15:00:00,177.619908789887
2011-12-22 16:00:00,222.36347756215258
2011-12-22 17:00:00,423.93363187023164
2011-12-22 18:00:00,413.6883378299975
2011-12-22 19:00:00,280.281429563492
2011-12-22 20:00:00,142.8204847200237
2011-12-22 21:00:00,124.44609889252624
2011-12-22 22:00:00,74.60197542735042
2011-12-22 23:00:00,67.24701709401711
2011-12-23 00:00:00,40.357
2011-12-23 01:00:00,19.55847619047619
2011-12-23 02:00:00,9.639904344014893
2011-12-23 03:00:00,4.349472716973574
2011-12-23 04:00:00,4.235561247949394
2011-12-23 05:00:00,25.551492011957567
2011-12-23 06:00:00,95.03815928189455
2011-12-23 07:00:00,285.2901706349206
2011-12-23 08:00:00,461.26613919413927
2011-12-23 09:00:00,243.53215417833798
2011-12-23 10:00:00,135.93662640574397
2011-12-23 11:00:00,144.86931505246022
2011-12-23 12:00:00,173.0815822250527
2011-12-23 13:00:00,183.3308775301024
2011-12-23 14:00:00,163.63330566728555
2011-12-23 15:00:00,163.43708522639145
2011-12-23 16:00:00,228.58588741515578
2011-12-23 17:00:00,423.88010304271074
2011-12-23 18:00:00,379.89954951282664
2011-12-23 19:00:00,266.8922891998568
2011-12-23 20:00:00,135.99220429495327
2011-12-23 21:00:00,124.71252156372704
2011-12-23 22:00:00,97.69600523377606
2011-12-23 23:00:00,91.50731974969476
2011-12-24 00:00:00,103.16435385447886
2011-12-24 01:00:00,83.31609606867546
2011-12-24 02:00:00,63.436180555555545
2011-12-24 03:00:00,27.727863095238103
2011-12-24 04:00:00,7.5606975655908215
2011-12-24 05:00:00,6.899615769034885
2011-12-24 06:00:00,13.01409981589292
2011-12-24 07:00:00,28.635833333333338
2011-12-24 08:00:00,75.25807539682539
2011-12-24 09:00:00,153.56722023279005
2011-12-24 10:00:00,227.60333333333332
2011-12-24 11:00:00,243.2341183261183
2011-12-24 12:00:00,292.97032728137873
2011-12-24 13:00:00,283.60769904401155
2011-12-24 14:00:00,280.4374847582973
2011-12-24 15:00:00,262.0511887483861
2011-12-24 16:00:00,282.0803200231141
2011-12-24 17:00:00,183.37794406072607
2011-12-24 18:00:00,214.20859838935573
2011-12-24 19:00:00,148.33820193819892
2011-12-24 20:00:00,120.79322804246347
2011-12-24 21:00:00,105.94979019613434
2011-12-24 22:00:00,94.56101621691036
2011-12-24 23:00:00,65.50923809523809
2011-12-25 00:00:00,70.04728571428572
2011-12-25 01:00:00,56.8187273755656
2011-12-25 02:00:00,54.34166666666666
2011-12-25 03:00:00,20.656408730158727
2011-12-25 05:00:00,6.664205531396707
2011-12-25 06:00:00,10.846125068418171
2011-12-25 07:00:00,25.43016666666667
2011-12-25 08:00:00,85.28346212121212
2011-12-25 09:00:00,119.2024303583351
2011-12-25 10:00:00,186.73834848484847
2011-12-25 11:00:00,231.60667712148958
2011-12-25 12:00:00,235.35713494359464
2011-12-25 13:00:00,240.80860698544168
2011-12-25 14:00:00,270.952533963442
2011-12-25 15:00:00,291.1235852822213
2011-12-25 16:00:00,280.6314856083459
2011-12-25 17:00:00,227.2064541123291
2011-12-25 18:00:00,201.219691668074
2011-12-25 19:00:00,157.61050780454704
2011-12-25 20:00:00,155.38558535519235
2011-12-25 21:00:00,102.27762574736126
2011-12-25 22:00:00,83.32962332112332
2011-12-25 23:00:00,52.816321428571435
2011-12-26 00:00:00,55.73708333333333
2011-12-26 01:00:00,33.99916666666667
2011-12-26 02:00:00,16.16658333333333
2011-12-26 04:00:00,7.610230547727861
2011-12-26 05:00:00,13.435682539682539
2011-12-26 06:00:00,40.56
2011-12-26 07:00:00,226.6943566849817
2011-12-26 08:00:00,316.8083547008547
2011-12-26 09:00:00,244.91842297979798
2011-12-26 10:00:00,158.26029206349207
2011-12-26 11:00:00,153.13839523809526
2011-12-26 12:00:00,171.62750622058394
2011-12-26 13:00:00,170.99357402148814
2011-12-26 14:00:00,168.2384396820323
2011-12-26 15:00:00,167.23164088345416
2011-12-26 16:00:00,214.26928888766116
2011-12-26 17:00:00,258.74655952380954
2011-12-26 18:00:00,248.45699787581702
2011-12-26 19:00:00,224.62785714285718
2011-12-26 20:00:00,149.16706907191931
2011-12-26 21:00:00,113.77716429069017
2011-12-26 22:00:00,87.77332182115269
2011-12-26 23:00:00,61.35958562271061
2011-12-27 00:00:00,25.354241702741703
2011-12-27 01:00:00,15.38568512031316
2011-12-27 02:00:00,4.761426875446813
2011-12-27 03:00:00,5.05239950052405
2011-12-27 04:00:00,6.2394696839800385
2011-12-27 05:00:00,32.542770625075164
2011-12-27 06:00:00,119.66968344155843
2011-12-27 07:00:00,322.3247751006304
2011-12-27 08:00:00,569.0314888583639
2011-12-27 09:00:00,239.71458928571428
2011-12-27 10:00:00,113.11404122302014
2011-12-27 11:00:00,94.57599226661407
2011-12-27 12:00:00,71.39239346301846
2011-12-27 13:00:00,68.70229730574388
2011-12-27 14:00:00,83.00429553049291
2011-12-27 15:00:00,83.98512886382625
2011-12-27 16:00:00,91.86821992481204
2011-12-27 17:00:00,209.20833333333337
2011-12-27 18:00:00,391.79275456225946
2011-12-27 19:00:00,282.6804929507626
2011-12-27 20:00:00,136.0690735849534
2011-12-27 21:00:00,128.7958338516858
2011-12-27 22:00:00,92.18184776334775
2011-12-27 23:00:00,56.0163373015873
2011-12-28 00:00:00,23.719598845598853
2011-12-28 01:00:00,15.9512609038424
2011-12-28 02:00:00,5.269534350039553
2011-12-28 03:00:00,5.180761423135657
2011-12-28 05:00:00,29.66966580237378
2011-12-28 06:00:00,113.87474999999999
2011-12-28 07:00:00,322.3608266722472
2011-12-28 08:00:00,554.8148956043957
2011-12-28 09:00:00,261.1248779711515
2011-12-28 10:00:00,130.80960945039627
2011-12-28 11:00:00,153.4206980490418
2011-12-28 12:00:00,157.35969675385462
2011-12-28 13:00:00,162.63552577977586
2011-12-28 14:00:00,148.450833865896
2011-12-28 15:00:00,163.28443443640282
2011-12-28 16:00:00,183.2012613495364
2011-12-28 17:00:00,395.3631493977773
2011-12-28 18:00:00,429.8336120423694
2011-12-28 19:00:00,284.82203010841494
2011-12-28 20:00:00,179.56591434747585
2011-12-28 21:00:00,126.8484912044954
2011-12-28 22:00:00,94.84659778660881
2011-12-28 23:00:00,57.62202843915345
2011-12-29 00:00:00,41.3694880952381
2011-12-29 01:00:00,16.914964595519216
2011-12-29 02:00:00,8.466687978623865
2011-12-29 03:00:00,4.171834301854512
2011-12-29 04:00:00,5.7572654311005715
2011-12-29 05:00:00,29.542345713145206
2011-12-29 06:00:00,104.76958333333332
2011-12-29 07:00:00,261.37232779720284
2011-12-29 08:00:00,567.7599246031746
2011-12-29 09:00:00,240.70436336851552
2011-12-29 10:00:00,110.37590301315599
2011-12-29 11:00:00,130.7165400941141
2011-12-29 12:00:00,141.86725215704521
2011-12-29 13:00:00,146.26384802706684
2011-12-29 14:00:00,153.25863335324738
2011-12-29 15:00:00,154.76951700621134
2011-12-29 16:00:00,152.52642003271671
2011-12-29 17:00:00,384.6758100240858
2011-12-29 18:00:00,364.72060868870386
2011-12-29 19:00:00,245.20080781024527
2011-12-29 20:00:00,131.80514092280401
2011-12-29 21:00:00,125.5060435041205
2011-12-29 22:00:00,96.67437616218355
2011-12-29 23:00:00,75.79359951159952
2011-12-30 00:00:00,43.72433333333334
2011-12-30 01:00:00,21.63760119047618
2011-12-30 02:00:00,10.915449046703504
2011-12-30 03:00:00,6.7403930486042585
2011-12-30 04:00:00,6.649643987009064
2011-12-30 05:00:00,27.280981163619913
2011-12-30 06:00:00,89.78373809523809
2011-12-30 07:00:00,213.18840151515153
2011-12-30 08:00:00,486.6945833333333
2011-12-30 09:00:00,267.029299383889
2011-12-30 10:00:00,120.96780618367794
2011-12-30 11:00:00,133.71187152912304
2011-12-30 12:00:00,159.64496409058012
2011-12-30 13:00:00,166.96969734884794
2011-12-30 14:00:00,186.0597886771988
2011-12-30 15:00:00,208.7574015128288
2011-12-30 16:00:00,267.6979802719707
2011-12-30 17:00:00,443.96150937691664
2011-12-30 18:00:00,344.0010502959872
2011-12-30 19:00:00,252.43845046987323
2011-12-30 20:00:00,164.86757798371275
2011-12-30 21:00:00,144.90025969558104
2011-12-30 22:00:00,99.06208308370395
2011-12-30 23:00:00,80.0592757936508
2011-12-31 00:00:00,90.73643267843266
2011-12-31 01:00:00,77.52021315015394
2011-12-31 02:00:00,61.72124465811964
2011-12-31 03:00:00,24.967101190476185
2011-12-31 04:00:00,7.329894396537651
2011-12-31 05:00:00,6.937206900126017
2011-12-31 06:00:00,16.42430105093239
2011-12-31 07:00:00,35.819
2011-12-31 08:00:00,98.13178024421231
2011-12-31 09:00:00,142.75307477008283
2011-12-31 10:00:00,313.4479454365079
2011-12-31 11:00:00,368.9284787883591
2011-12-31 12:00:00,478.23121109961613
2011-12-31 13:00:00,408.57366126592643
2011-12-31 14:00:00,351.96282878386575
2011-12-31 15:00:00,350.2860823570899
2011-12-31 16:00:00,331.9868682121196
2011-12-31 17:00:00,265.58033545231575
2011-12-31 18:00:00,252.97664423843705
2011-12-31 19:00:00,184.0871092987613
2011-12-31 20:00:00,171.09318611728585
2011-12-31 21:00:00,133.58070864700713
2011-12-31 22:00:00,115.7282703942692
2011-12-31 23:00:00,97.58839087301588
2012-01-20 00:00:00,14.958128607503609
2012-01-20 01:00:00,13.846378181029497
2012-01-20 02:00:00,9.430100367225366
2012-01-20 03:00:00,4.848987933661354
2012-01-20 04:00:00,3.122018771644024
2012-01-20 05:00:00,18.008017215918247
2012-01-20 06:00:00,66.12418452380953
2012-01-20 07:00:00,160.10138239538236
2012-01-20 08:00:00,393.64565025252523
2012-01-20 09:00:00,189.08587170739895
2012-01-20 10:00:00,87.1643344381824
2012-01-20 11:00:00,62.60443387071434
2012-01-20 12:00:00,65.80930351750217
2012-01-20 13:00:00,85.16393425262726
2012-01-20 14:00:00,84.73884321313673
2012-01-20 15:00:00,86.34130535381354
2012-01-20 16:00:00,83.97374669250985
2012-01-20 17:00:00,190.761811410253
2012-01-20 18:00:00,187.3962817870984
2012-01-20 19:00:00,182.64609212425003
2012-01-20 20:00:00,87.77185448806163
2012-01-20 21:00:00,81.12606832745499
2012-01-20 22:00:00,54.84014705811618
2012-01-20 23:00:00,32.21894781144781
2012-01-21 00:00:00,28.906865079365083
2012-01-21 01:00:00,28.86084920634921
2012-01-21 02:00:00,19.297492481203008
2012-01-21 03:00:00,13.105583333333334
2012-01-21 04:00:00,6.3000592105263165
2012-01-21 05:00:00,6.345309210526315
2012-01-21 06:00:00,4.003333333333334
2012-01-21 07:00:00,16.093454545454545
2012-01-21 08:00:00,29.356071428571433
2012-01-21 09:00:00,54.30245316257816
2012-01-21 10:00:00,88.49291666666666
2012-01-21 11:00:00,130.67653482172253
2012-01-21 12:00:00,142.85597970837708
2012-01-21 13:00:00,119.68186769392952
2012-01-21 14:00:00,109.0740361599185
2012-01-21 15:00:00,102.29367901706135
2012-01-21 16:00:00,108.67731267507003
2012-01-21 17:00:00,87.6450476190476
2012-01-21 18:00:00,88.0887976190476
2012-01-21 19:00:00,51.56199537037037
2012-01-21 20:00:00,48.43490727513228
2012-01-21 21:00:00,48.51932400284899
2012-01-21 22:00:00,40.37773875661375
2012-01-21 23:00:00,32.007962962962964
2012-01-22 00:00:00,41.715833333333336
2012-01-22 01:00:00,30.781670634920633
2012-01-22 02:00:00,24.646522243107775
2012-01-22 03:00:00,15.828333333333335
2012-01-22 04:00:00,4.270555555555555
2012-01-22 05:00:00,3.5977645104895095
2012-01-22 06:00:00,3.6865000000000006
2012-01-22 07:00:00,9.633566017316019
2012-01-22 08:00:00,24.5825
2012-01-22 09:00:00,56.9270460858586
2012-01-22 10:00:00,103.17922619047619
2012-01-22 11:00:00,111.36583333333333
2012-01-22 12:00:00,122.25214285714286
2012-01-22 13:00:00,119.64166883116884
2012-01-22 14:00:00,120.25558441558442
2012-01-22 15:00:00,117.61797619047618
2012-01-22 16:00:00,114.17297619047618
2012-01-22 17:00:00,98.35066287878786
2012-01-22 18:00:00,95.72416666666666
2012-01-22 19:00:00,40.976921085858585
2012-01-22 20:00:00,50.37630203823954
2012-01-22 21:00:00,28.76905303030303
2012-01-22 22:00:00,27.188103846153844
2012-01-22 23:00:00,21.141111111111112
2012-01-23 00:00:00,12.130622023809522
2012-01-23 01:00:00,4.900934798598092
2012-01-23 02:00:00,3.4101847496575703
2012-01-23 03:00:00,3.0754880272907936
2012-01-23 04:00:00,3.2674556526501912
2012-01-23 05:00:00,10.114027777777778
2012-01-23 06:00:00,43.71
2012-01-23 07:00:00,118.60583333333334
2012-01-23 08:00:00,264.90604040404037
2012-01-23 09:00:00,166.07838450650195
2012-01-23 10:00:00,63.2138456114121
2012-01-23 11:00:00,67.63731145625566
2012-01-23 12:00:00,67.24594633983241
2012-01-23 13:00:00,58.9841103041513
2012-01-23 14:00:00,59.647189842342904
2012-01-23 15:00:00,60.22047040019558
2012-01-23 16:00:00,74.88687557327339
2012-01-23 17:00:00,139.85218120768118
2012-01-23 18:00:00,141.85597700399012
2012-01-23 19:00:00,141.13220375457877
2012-01-23 20:00:00,77.75590291275061
2012-01-23 21:00:00,68.21557070444412
2012-01-23 22:00:00,53.26229749350901
2012-01-23 23:00:00,37.21510245310246
2012-01-24 00:00:00,10.146152778593954
2012-01-24 01:00:00,5.51507815604283
2012-01-24 02:00:00,5.129526639510414
2012-01-24 03:00:00,2.833247742108274
2012-01-24 04:00:00,3.102911415529006
2012-01-24 05:00:00,9.139330690508322
2012-01-24 06:00:00,57.686987179487176
2012-01-24 07:00:00,186.40791666666664
2012-01-24 08:00:00,311.42583333333334
2012-01-24 09:00:00,181.30096401515152
2012-01-24 10:00:00,87.17883094750233
2012-01-24 11:00:00,96.96579252451238
2012-01-24 12:00:00,95.19671169521096
2012-01-24 13:00:00,92.20462041733677
2012-01-24 14:00:00,88.43143547369566
2012-01-24 15:00:00,105.24443992734828
2012-01-24 16:00:00,126.54887370781336
2012-01-24 17:00:00,405.2384120670997
2012-01-24 18:00:00,344.14078113553114
2012-01-24 19:00:00,311.6112857142857
2012-01-24 20:00:00,106.69648646166043
2012-01-24 21:00:00,110.10329504196898
2012-01-24 22:00:00,98.42678103424468
2012-01-24 23:00:00,48.397222222222226
2012-01-25 00:00:00,12.3008501984127
2012-01-25 01:00:00,8.242953847604268
2012-01-25 02:00:00,5.046432863081284
2012-01-25 03:00:00,3.098146119204551
2012-01-25 04:00:00,2.845364728581436
2012-01-25 05:00:00,14.227955667817218
2012-01-25 06:00:00,61.011378968253965
2012-01-25 07:00:00,184.54907882395378
2012-01-25 08:00:00,411.3998805500055
2012-01-25 09:00:00,211.717978118274
2012-01-25 10:00:00,85.31874946307411
2012-01-25 11:00:00,101.08772494140386
2012-01-25 12:00:00,135.14600426052095
2012-01-25 13:00:00,137.29159130870127
2012-01-25 14:00:00,129.3097204318306
2012-01-25 15:00:00,137.56062899434647
2012-01-25 16:00:00,164.9877243642459
2012-01-25 17:00:00,232.59217760070152
2012-01-25 18:00:00,210.96378243284494
2012-01-25 19:00:00,251.40606926406923
2012-01-25 20:00:00,104.17235864764817
2012-01-25 21:00:00,113.80195523037256
2012-01-25 22:00:00,78.53393038489405
2012-01-25 23:00:00,35.05237896825397
2012-01-26 00:00:00,17.597602855477856
2012-01-26 01:00:00,6.0461866344962605
2012-01-26 02:00:00,5.7838485996007645
2012-01-26 03:00:00,3.120846338823028
2012-01-26 04:00:00,3.748566755410821
2012-01-26 05:00:00,14.030283046839351
2012-01-26 06:00:00,74.29213347763348
2012-01-26 07:00:00,213.6128293650793
2012-01-26 08:00:00,407.17536814574305
2012-01-26 09:00:00,219.60398446692193
2012-01-26 10:00:00,90.01247875369653
2012-01-26 11:00:00,95.6103043524281
2012-01-26 12:00:00,135.31796869399278
2012-01-26 13:00:00,115.75057695377984
2012-01-26 14:00:00,130.40672784166316
2012-01-26 15:00:00,169.5321580535792
2012-01-26 16:00:00,140.63728798260607
2012-01-26 17:00:00,329.6210128968254
2012-01-26 18:00:00,330.72588469169716
2012-01-26 19:00:00,288.75981968997183
2012-01-26 20:00:00,146.6098483368466
2012-01-26 21:00:00,137.25141627984704
2012-01-26 22:00:00,106.42011835593571
2012-01-26 23:00:00,66.43577083333332
2012-01-27 00:00:00,36.01083333333333
2012-01-27 01:00:00,12.976111111111111
2012-01-27 02:00:00,8.943008173328218
2012-01-27 03:00:00,4.066999545106593
2012-01-27 04:00:00,3.351546210166824
2012-01-27 05:00:00,18.337261904761903
2012-01-27 06:00:00,73.24125
2012-01-27 07:00:00,204.76966666666667
2012-01-27 08:00:00,228.79386363636365
2012-01-27 09:00:00,153.23666666666665
2012-01-27 10:00:00,105.01906411154208
2012-01-27 11:00:00,166.07489253867462
2012-01-27 12:00:00,194.4548508672537
2012-01-27 13:00:00,189.49302374251405
2012-01-27 14:00:00,184.92652969489504
2012-01-27 15:00:00,183.1703209428075
2012-01-27 16:00:00,193.46252450127432
2012-01-27 17:00:00,351.50391353115685
2012-01-27 18:00:00,332.26435632175554
2012-01-27 19:00:00,217.48709783272287
2012-01-27 20:00:00,120.77066172306208
2012-01-27 21:00:00,98.4430621148334
2012-01-27 22:00:00,83.80091761412429
2012-01-27 23:00:00,46.999316017316005
2012-01-28 00:00:00,48.085841269841275
2012-01-28 01:00:00,47.512725829725824
2012-01-28 02:00:00,32.25786477557531
2012-01-28 03:00:00,20.102023989898992
2012-01-28 04:00:00,2.633912826715768
2012-01-28 05:00:00,2.8381746867167914
2012-01-28 06:00:00,6.038363095238095
2012-01-28 07:00:00,9.6175
2012-01-28 08:00:00,48.90554105616606
2012-01-28 09:00:00,91.6045382873582
2012-01-28 10:00:00,160.30271181267565
2012-01-28 11:00:00,194.5748714202464
2012-01-28 12:00:00,161.4103837117184
2012-01-28 13:00:00,209.67142316017322
2012-01-28 14:00:00,219.73623833573834
2012-01-28 15:00:00,241.6909196127946
2012-01-28 16:00:00,344.4417859547859
2012-01-28 17:00:00,267.8103549552299
2012-01-28 18:00:00,313.5107889898713
2012-01-28 19:00:00,129.21438678337626
2012-01-28 20:00:00,94.50285659323488
2012-01-28 21:00:00,100.50948240173568
2012-01-28 22:00:00,79.22618329831933
2012-01-28 23:00:00,69.11514285714287
2012-01-29 00:00:00,67.01325000000001
2012-01-29 01:00:00,55.2225
2012-01-29 02:00:00,42.0995
2012-01-29 03:00:00,16.338891233766233
2012-01-29 04:00:00,4.842239177489177
2012-01-29 05:00:00,4.100383220211162
2012-01-29 06:00:00,6.65975
2012-01-29 07:00:00,21.47083333333333
2012-01-29 08:00:00,58.06328571428571
2012-01-29 09:00:00,69.53049174764473
2012-01-29 10:00:00,121.63933276759084
2012-01-29 11:00:00,149.19432750433555
2012-01-29 12:00:00,178.72008457134262
2012-01-29 13:00:00,178.48816790467598
2012-01-29 14:00:00,168.1290416420497
2012-01-29 15:00:00,221.07499458874454
2012-01-29 16:00:00,165.99475
2012-01-29 17:00:00,155.46465476190477
2012-01-29 18:00:00,141.88599546287048
2012-01-29 19:00:00,74.00766493650264
2012-01-29 20:00:00,61.576466445170745
2012-01-29 21:00:00,70.03717710753762
2012-01-29 22:00:00,64.60118918581418
2012-01-29 23:00:00,42.48650000000001
2012-01-30 00:00:00,18.80294047619048
2012-01-30 01:00:00,2.7383579756596053
2012-01-30 02:00:00,3.4792752606578414
2012-01-30 03:00:00,2.3906650906737203
2012-01-30 04:00:00,2.402294749184277
2012-01-30 05:00:00,13.574581702114312
2012-01-30 06:00:00,50.56416666666666
2012-01-30 07:00:00,139.35510805860807
2012-01-30 08:00:00,241.31353273809526
2012-01-30 09:00:00,162.95515265729262
2012-01-30 10:00:00,79.97003270957353
2012-01-30 11:00:00,88.03591147457631
2012-01-30 12:00:00,102.66110572210255
2012-01-30 13:00:00,93.65570472619922
2012-01-30 14:00:00,129.19288934358102
2012-01-30 15:00:00,114.94734758379693
2012-01-30 16:00:00,178.80577125621602
2012-01-30 17:00:00,340.53715916842435
2012-01-30 18:00:00,343.4610285132608
2012-01-30 19:00:00,225.41027724358975
2012-01-30 20:00:00,134.32594870590682
2012-01-30 21:00:00,125.40532232522239
2012-01-30 22:00:00,59.48361652619434
2012-01-30 23:00:00,40.35159451659452
2012-01-31 00:00:00,15.058909680597175
2012-01-31 01:00:00,4.855550706539838
2012-01-31 02:00:00,4.533017293679286
2012-01-31 03:00:00,2.5280511619495254
2012-01-31 04:00:00,2.43950447913273
2012-01-31 05:00:00,14.758623776929694
2012-01-31 06:00:00,65.13152777777778
2012-01-31 07:00:00,200.92845598845597
2012-01-31 08:00:00,397.8580906107781
2012-01-31 09:00:00,206.713766447063
2012-01-31 10:00:00,106.70919820407207
2012-01-31 11:00:00,128.1598509125274
2012-01-31 12:00:00,148.72537715440598
2012-01-31 13:00:00,173.66417836351388
2012-01-31 14:00:00,125.43322379537851
2012-01-31 15:00:00,134.1812924603904
2012-01-31 16:00:00,181.2622511810085
2012-01-31 17:00:00,415.59873340548336
2012-01-31 18:00:00,389.6911937229437
2012-01-31 19:00:00,363.72786111111105
2012-01-31 20:00:00,139.3043067276354
2012-01-31 21:00:00,176.88723003873437
2012-01-31 22:00:00,118.59324305555555
2012-01-31 23:00:00,73.89654924242424
2012-02-20 00:00:00,28.65089682539683
2012-02-20 01:00:00,30.877083333333335
2012-02-20 02:00:00,22.817977501256916
2012-02-20 03:00:00,5.199974061689411
2012-02-20 05:00:00,8.50665890269151
2012-02-20 06:00:00,10.869761904761903
2012-02-20 07:00:00,84.83263186813187
2012-02-20 08:00:00,117.946375
2012-02-20 09:00:00,98.2545
2012-02-20 10:00:00,127.63097271600947
2012-02-20 11:00:00,125.77247782745711
2012-02-20 12:00:00,140.3848937494439
2012-02-20 13:00:00,146.23512747350142
2012-02-20 14:00:00,132.0856412205643
2012-02-20 15:00:00,122.66959596010409
2012-02-20 16:00:00,154.22173071291718
2012-02-20 17:00:00,294.13205837108796
2012-02-20 18:00:00,233.73013929710643
2012-02-20 19:00:00,208.3411765873016
2012-02-20 20:00:00,149.58044464225145
2012-02-20 21:00:00,116.70531239695597
2012-02-20 22:00:00,67.17414813258637
2012-02-20 23:00:00,48.276916666666665
2012-02-21 00:00:00,16.398669101731603
2012-02-21 01:00:00,6.6231874239616415
2012-02-21 02:00:00,3.1451264596422726
2012-02-21 04:00:00,2.1296442501175217
2012-02-21 05:00:00,16.334714850296983
2012-02-21 06:00:00,40.81033333333333
2012-02-21 07:00:00,184.41241666666664
2012-02-21 08:00:00,399.72839065101556
2012-02-21 09:00:00,207.83619457419329
2012-02-21 10:00:00,84.86536551565068
2012-02-21 11:00:00,91.34159410257072
2012-02-21 12:00:00,102.99094080161485
2012-02-21 13:00:00,112.54329219246247
2012-02-21 14:00:00,100.91145562317786
2012-02-21 15:00:00,114.264371737917
2012-02-21 16:00:00,173.70972067531108
2012-02-21 17:00:00,316.51422992156057
2012-02-21 18:00:00,311.46835846407066
2012-02-21 19:00:00,260.98974548550865
2012-02-21 20:00:00,131.15426066528482
2012-02-21 21:00:00,151.78167657425828
2012-02-21 22:00:00,76.64362378316243
2012-02-21 23:00:00,45.35829563492063
2012-02-22 00:00:00,22.741361251772823
2012-02-22 01:00:00,7.95183825174091
2012-02-22 02:00:00,3.627649667254999
2012-02-22 03:00:00,2.5044868800273825
2012-02-22 04:00:00,2.1445540243238286
2012-02-22 05:00:00,18.4054844636199
2012-02-22 06:00:00,63.42510027472528
2012-02-22 07:00:00,216.1549404761905
2012-02-22 08:00:00,459.7162510822511
2012-02-22 09:00:00,233.25836383213687
2012-02-22 10:00:00,90.90296459795783
2012-02-22 11:00:00,109.04799013924284
2012-02-22 12:00:00,105.94444613404963
2012-02-22 13:00:00,138.73935690762767
2012-02-22 14:00:00,136.82051914276042
2012-02-22 15:00:00,130.53258265167838
2012-02-22 16:00:00,169.07193522054968
2012-02-22 17:00:00,361.61480286738356
2012-02-22 18:00:00,313.3398065961816
2012-02-22 19:00:00,282.685373015873
2012-02-22 20:00:00,178.2643699391115
2012-02-22 21:00:00,178.16551805748324
2012-02-22 22:00:00,110.82445566239316
2012-02-22 23:00:00,68.64358035714285
2012-02-23 00:00:00,35.615101190476196
2012-02-23 01:00:00,9.922545214290903
2012-02-23 02:00:00,8.383620597816197
2012-02-23 03:00:00,3.3203294375140175
2012-02-23 04:00:00,3.1624328833566917
2012-02-23 05:00:00,20.73109215865833
2012-02-23 06:00:00,67.34199583749584
2012-02-23 07:00:00,224.68066666666667
2012-02-23 08:00:00,425.8833641774892
2012-02-23 09:00:00,225.89490633997227
2012-02-23 10:00:00,129.7317611747637
2012-02-23 11:00:00,137.43286489231548
2012-02-23 12:00:00,128.68033218396832
2012-02-23 13:00:00,147.08049146913447
2012-02-23 14:00:00,150.88707294908752
2012-02-23 15:00:00,155.95986663412356
2012-02-23 16:00:00,224.09671390791235
2012-02-23 17:00:00,491.8516753686568
2012-02-23 18:00:00,471.10820871153936
2012-02-23 19:00:00,364.1696388888888
2012-02-23 20:00:00,203.77609257317386
2012-02-23 21:00:00,167.03303048544555
2012-02-23 22:00:00,121.01775848780063
2012-02-23 23:00:00,91.56179166666666
2012-02-24 00:00:00,40.1607380952381
2012-02-24 01:00:00,15.20875
2012-02-24 02:00:00,7.70709008264697
2012-02-24 03:00:00,5.471645293597603
2012-02-24 04:00:00,3.921040477449188
2012-02-24 05:00:00,18.31459811103928
2012-02-24 06:00:00,76.06573717948717
2012-02-24 07:00:00,196.45182236842106
2012-02-24 08:00:00,329.4563154761904
2012-02-24 09:00:00,173.69771075464087
2012-02-24 10:00:00,78.96903155826877
2012-02-24 11:00:00,128.3967539219276
2012-02-24 12:00:00,147.1004810744501
2012-02-24 13:00:00,173.75001571690723
2012-02-24 14:00:00,196.09823642825998
2012-02-24 15:00:00,84.72838382960852
2012-02-24 16:00:00,87.58248387539608
2012-02-24 17:00:00,294.8941666666667
2012-02-24 18:00:00,299.25325671550667
2012-02-24 19:00:00,302.9275424297924
2012-02-24 20:00:00,169.53641834016014
2012-02-24 21:00:00,187.88535746868743
2012-02-24 22:00:00,98.23289160401002
2012-02-24 23:00:00,65.61440873015871
2012-02-25 00:00:00,61.64698611111111
2012-02-25 01:00:00,54.28876984126985
2012-02-25 02:00:00,40.24550595238095
2012-02-25 03:00:00,13.281963827838826
2012-02-25 04:00:00,4.366531288156288
2012-02-25 05:00:00,4.578012389571213
2012-02-25 06:00:00,8.369375
2012-02-25 07:00:00,24.531999999999996
2012-02-25 08:00:00,54.505464743589734
2012-02-25 09:00:00,53.62351487099857
2012-02-25 10:00:00,168.86682011795529
2012-02-25 11:00:00,133.03868975468976
2012-02-25 12:00:00,154.72733856421354
2012-02-25 13:00:00,149.64292048229547
2012-02-25 14:00:00,153.60649007936505
2012-02-25 15:00:00,158.89461507936508
2012-02-25 16:00:00,158.9036626984127
2012-02-25 17:00:00,145.75536832611832
2012-02-25 18:00:00,124.35191981792717
2012-02-25 19:00:00,106.10997022789302
2012-02-25 20:00:00,113.05394211017737
2012-02-25 21:00:00,74.38509406488349
2012-02-25 22:00:00,60.56000649350649
2012-02-25 23:00:00,33.80919227994228
2012-02-26 00:00:00,51.67
2012-02-26 01:00:00,42.41638095238095
2012-02-26 02:00:00,32.883255952380956
2012-02-26 03:00:00,14.818463827838828
2012-02-26 04:00:00,3.8403255584285
2012-02-26 05:00:00,4.066021986999928
2012-02-26 06:00:00,6.606875
2012-02-26 07:00:00,16.943214285714284
2012-02-26 08:00:00,41.33645238095238
2012-02-26 09:00:00,67.62163912043204
2012-02-26 10:00:00,154.72938997195612
2012-02-26 11:00:00,142.1333863312613
2012-02-26 12:00:00,224.5226345182595
2012-02-26 13:00:00,265.546784992785
2012-02-26 14:00:00,256.48688546176044
2012-02-26 15:00:00,244.07576641414136
2012-02-26 16:00:00,239.17400306637808
2012-02-26 17:00:00,227.94989285714288
2012-02-26 18:00:00,180.45396028440516
2012-02-26 19:00:00,107.12599382649383
2012-02-26 20:00:00,113.30359633271046
2012-02-26 21:00:00,89.06324343016537
2012-02-26 22:00:00,77.4190518851762
2012-02-26 23:00:00,34.50954761904762
2012-02-27 00:00:00,16.781564617035013
2012-02-27 01:00:00,5.807586974625354
2012-02-27 02:00:00,3.5149454004130485
2012-02-27 03:00:00,2.163443477012864
2012-02-27 04:00:00,1.8542507765191576
2012-02-27 05:00:00,14.087401310782216
2012-02-27 06:00:00,51.8766534992785
2012-02-27 07:00:00,204.03494624819632
2012-02-27 08:00:00,337.0010131257631
2012-02-27 09:00:00,212.22906179996244
2012-02-27 10:00:00,121.09875541484364
2012-02-27 11:00:00,131.3625706665252
2012-02-27 12:00:00,144.61396551313896
2012-02-27 13:00:00,155.41794617807244
2012-02-27 14:00:00,169.87960212670976
2012-02-27 15:00:00,128.43684452820847
2012-02-27 16:00:00,170.41604095373583
2012-02-27 17:00:00,403.95324999999997
2012-02-27 18:00:00,383.9778816425121
2012-02-27 19:00:00,391.7190277777778
2012-02-27 20:00:00,188.49454094939077
2012-02-27 21:00:00,181.73871584730318
2012-02-27 22:00:00,118.84834121254713
2012-02-27 23:00:00,68.21026352813853
2012-02-28 00:00:00,25.682730045077474
2012-02-28 01:00:00,9.015745066066359
2012-02-28 02:00:00,7.288311833033714
2012-02-28 03:00:00,2.978122111443061
2012-02-28 04:00:00,2.325109379716135
2012-02-28 05:00:00,15.517791666666662
2012-02-28 06:00:00,66.11736111111111
2012-02-28 07:00:00,182.26797186147186
2012-02-28 08:00:00,292.58852083333335
2012-02-28 09:00:00,222.0921387419894
2012-02-28 10:00:00,110.34730747901156
2012-02-28 11:00:00,113.43967900996473
2012-02-28 12:00:00,128.12802606521575
2012-02-28 13:00:00,128.35129886128064
2012-02-28 14:00:00,129.75715351959167
2012-02-28 15:00:00,146.63938835307582
2012-02-28 16:00:00,195.16888113349194
2012-02-28 17:00:00,406.952465424926
2012-02-28 18:00:00,408.1220623718387
2012-02-28 19:00:00,334.1347328216374
2012-02-28 20:00:00,168.25809286593775
2012-02-28 21:00:00,146.7382736273921
2012-02-28 22:00:00,100.28352030912848
2012-02-28 23:00:00,40.929832070707064
2012-02-29 00:00:00,17.326662608225107
2012-02-29 01:00:00,7.378949709491728
2012-02-29 02:00:00,3.871046411521294
2012-02-29 03:00:00,2.2794413685499926
2012-02-29 05:00:00,16.242982198722324
2012-02-29 06:00:00,74.49752380952383
2012-02-29 07:00:00,194.73844047619048
2012-02-29 08:00:00,443.35665584415574
2012-02-29 09:00:00,178.99670997432207
2012-02-29 10:00:00,68.33522768081741
2012-02-29 11:00:00,75.25149248279466
2012-02-29 12:00:00,63.7877430383441
2012-02-29 13:00:00,87.0743184230424
2012-02-29 14:00:00,86.44822426719826
2012-02-29 15:00:00,90.94634450094735
2012-02-29 16:00:00,90.3650288967998
2012-02-29 17:00:00,326.7507855616605
2012-02-29 18:00:00,333.81066666666675
2012-02-29 19:00:00,297.13588766788763
2012-02-29 20:00:00,84.35545065314804
2012-02-29 21:00:00,82.35400404420142
2012-02-29 22:00:00,63.40991666666666
2012-02-29 23:00:00,60.15559523809524
2012-03-20 00:00:00,26.097786697860965
2012-03-20 01:00:00,17.032537552415615
2012-03-20 02:00:00,5.897388702281229
2012-03-20 03:00:00,4.195633750427132
2012-03-20 04:00:00,3.8054717240958214
2012-03-20 05:00:00,22.45352308802309
2012-03-20 06:00:00,86.47635152057245
2012-03-20 07:00:00,132.415
2012-03-20 08:00:00,443.42622438672436
2012-03-20 09:00:00,305.1187054774496
2012-03-20 10:00:00,162.67879136141636
2012-03-20 11:00:00,177.81980772955114
2012-03-20 12:00:00,200.75712670311052
2012-03-20 13:00:00,204.4072190164744
2012-03-20 14:00:00,210.98250425622197
2012-03-20 15:00:00,221.82320375874428
2012-03-20 16:00:00,340.97195418051024
2012-03-20 17:00:00,620.9880636809995
2012-03-20 18:00:00,605.9945037717665
2012-03-20 19:00:00,427.71602472176613
2012-03-20 20:00:00,284.23303910448163
2012-03-20 21:00:00,243.45933356234775
2012-03-20 22:00:00,154.31052277226703
2012-03-20 23:00:00,89.79734920634921
2012-03-21 00:00:00,30.038617263251453
2012-03-21 01:00:00,17.703122382526377
2012-03-21 02:00:00,6.479397298816674
2012-03-21 03:00:00,3.5905274170434733
2012-03-21 04:00:00,4.1065857517850715
2012-03-21 05:00:00,21.755035314438746
2012-03-21 06:00:00,73.72054670329669
2012-03-21 07:00:00,245.19833333333335
2012-03-21 08:00:00,351.53
2012-03-21 09:00:00,270.4345090028436
2012-03-21 10:00:00,128.33261451926558
2012-03-21 11:00:00,126.58338439224971
2012-03-21 12:00:00,167.36261181607634
2012-03-21 13:00:00,147.06005720451262
2012-03-21 14:00:00,170.30632820022302
2012-03-21 15:00:00,175.54861391450876
2012-03-21 16:00:00,264.03171016338905
2012-03-21 17:00:00,569.7436065196191
2012-03-21 18:00:00,546.9785849931715
2012-03-21 19:00:00,467.36001104773766
2012-03-21 20:00:00,232.10336045711213
2012-03-21 21:00:00,176.74006951805154
2012-03-21 22:00:00,163.0693157348301
2012-03-21 23:00:00,101.43060633859605
2012-03-22 00:00:00,37.64956904206904
2012-03-22 01:00:00,18.898240294529383
2012-03-22 02:00:00,9.120129589342152
2012-03-22 03:00:00,6.055430217280486
2012-03-22 04:00:00,4.984881448526953
2012-03-22 05:00:00,17.42770374800638
2012-03-22 06:00:00,87.50214285714286
2012-03-22 07:00:00,320.9927380952381
2012-03-22 08:00:00,430.5646607142857
2012-03-22 09:00:00,236.57952439309057
2012-03-22 10:00:00,97.97463165950407
2012-03-22 11:00:00,95.31800022128282
2012-03-22 12:00:00,147.93398290994722
2012-03-22 13:00:00,177.1931046081867
2012-03-22 14:00:00,192.06051231669804
2012-03-22 15:00:00,225.32166998611035
2012-03-22 16:00:00,343.88185990382067
2012-03-22 17:00:00,625.8543934968458
2012-03-22 18:00:00,623.523427818723
2012-03-22 19:00:00,475.65689715315256
2012-03-22 20:00:00,311.53896247643536
2012-03-22 21:00:00,232.86371881785362
2012-03-22 22:00:00,170.76985964787255
2012-03-22 23:00:00,126.58298755411256
2012-03-23 00:00:00,46.8275
2012-03-23 01:00:00,20.52125
2012-03-23 02:00:00,10.110182540627587
2012-03-23 03:00:00,6.5661263190211585
2012-03-23 04:00:00,5.7178936709900885
2012-03-23 05:00:00,22.335292929292933
2012-03-23 06:00:00,88.15816666666666
2012-03-23 07:00:00,316.4722916666667
2012-03-23 08:00:00,412.5057083333333
2012-03-23 09:00:00,249.93982958789576
2012-03-23 10:00:00,165.50097017580055
2012-03-23 11:00:00,192.25535479990174
2012-03-23 12:00:00,246.56220358262456
2012-03-23 13:00:00,256.22597016283305
2012-03-23 14:00:00,276.8633760922474
2012-03-23 15:00:00,278.67243118299007
2012-03-23 16:00:00,354.1087843393092
2012-03-23 17:00:00,590.107694950588
2012-03-23 18:00:00,530.1237413935626
2012-03-23 19:00:00,402.0975726807101
2012-03-23 20:00:00,247.68820055240067
2012-03-23 21:00:00,209.81088806828433
2012-03-23 22:00:00,198.95717549620542
2012-03-23 23:00:00,175.40556137502847
2012-03-24 00:00:00,85.73083333333334
2012-03-24 01:00:00,84.53200000000001
2012-03-24 02:00:00,56.776825757575764
2012-03-24 03:00:00,27.564352170823586
2012-03-24 04:00:00,9.70785346975875
2012-03-24 05:00:00,9.765113285791335
2012-03-24 06:00:00,27.859580808080803
2012-03-24 07:00:00,47.14607142857143
2012-03-24 08:00:00,130.81616666666665
2012-03-24 09:00:00,168.25376083638582
2012-03-24 10:00:00,261.4406057422969
2012-03-24 11:00:00,254.5402426470588
2012-03-24 12:00:00,235.905
2012-03-24 13:00:00,248.525
2012-03-24 14:00:00,144.88
2012-03-24 15:00:00,91.545
2012-03-24 16:00:00,184.715
2012-03-24 17:00:00,269.105
2012-03-24 18:00:00,113.275
2012-03-24 19:00:00,107.54884146480121
2012-03-24 20:00:00,69.50360246768719
2012-03-24 21:00:00,66.9378643724491
2012-03-24 22:00:00,56.544128998968
2012-03-24 23:00:00,59.39491541353384
2012-03-25 00:00:00,55.519285714285715
2012-03-25 01:00:00,40.57618452380952
2012-03-25 02:00:00,28.11007142857143
2012-03-25 03:00:00,12.754170787545789
2012-03-25 04:00:00,6.363390873015873
2012-03-25 05:00:00,6.371047320433189
2012-03-25 06:00:00,11.612708333333332
2012-03-25 07:00:00,20.94125
2012-03-25 08:00:00,49.40340476190477
2012-03-25 09:00:00,69.55974245852187
2012-03-25 10:00:00,168.93333499833497
2012-03-25 11:00:00,120.71097222222222
2012-03-25 12:00:00,135.46155555555558
2012-03-25 13:00:00,327.0530067287784
2012-03-25 14:00:00,369.2899114906832
2012-03-25 15:00:00,333.04491149068315
2012-03-25 16:00:00,319.24380158730156
2012-03-25 17:00:00,384.52475
2012-03-25 18:00:00,370.86
2012-03-25 19:00:00,217.2488562546456
2012-03-25 20:00:00,171.19688597208645
2012-03-25 21:00:00,152.86084880494326
2012-03-25 22:00:00,103.4747384044527
2012-03-25 23:00:00,77.055
2012-03-26 00:00:00,23.806676578813345
2012-03-26 01:00:00,12.381332339165763
2012-03-26 02:00:00,7.524885636275687
2012-03-26 03:00:00,3.2156298661243357
2012-03-26 04:00:00,4.206941033677484
2012-03-26 05:00:00,22.366916683070126
2012-03-26 06:00:00,90.57898717948717
2012-03-26 07:00:00,325.0622142857143
2012-03-26 08:00:00,430.07265277777776
2012-03-26 09:00:00,279.4084045284781
2012-03-26 10:00:00,174.30961231955277
2012-03-26 11:00:00,195.83861654522156
2012-03-26 12:00:00,223.1399864544014
2012-03-26 13:00:00,216.52390668905105
2012-03-26 14:00:00,226.05696937615488
2012-03-26 15:00:00,218.0636058267781
2012-03-26 16:00:00,262.5457818112705
2012-03-26 17:00:00,378.6225429292929
2012-03-26 18:00:00,371.67695959595954
2012-03-26 19:00:00,336.6597083333334
2012-03-26 20:00:00,179.846176996152
2012-03-26 21:00:00,158.46018085934531
2012-03-26 22:00:00,92.3336553030303
2012-03-26 23:00:00,52.36787878787879
2012-03-27 00:00:00,21.352941225441228
2012-03-27 01:00:00,6.255894980019981
2012-03-27 02:00:00,5.525007148842735
2012-03-27 03:00:00,2.634707242425659
2012-03-27 04:00:00,2.395645513522557
2012-03-27 05:00:00,9.881559523809525
2012-03-27 06:00:00,63.793166666666664
2012-03-27 07:00:00,189.84776190476194
2012-03-27 08:00:00,336.69343939393934
2012-03-27 09:00:00,219.55874255324142
2012-03-27 10:00:00,121.28186161295882
2012-03-27 11:00:00,133.9566564422077
2012-03-27 12:00:00,137.836916505326
2012-03-27 13:00:00,160.22762445632407
2012-03-27 14:00:00,160.9592291672004
2012-03-27 15:00:00,205.16003776994793
2012-03-27 16:00:00,241.39500056660884
2012-03-27 17:00:00,374.12856852358163
2012-03-27 18:00:00,360.00431328320803
2012-03-27 19:00:00,322.86049404761906
2012-03-27 20:00:00,218.67291371145006
2012-03-27 21:00:00,139.97964280720475
2012-03-27 22:00:00,103.85046644909959
2012-03-27 23:00:00,58.049857142857164
2012-03-28 00:00:00,20.474753676878684
2012-03-28 01:00:00,9.178250984688946
2012-03-28 02:00:00,5.316636979579776
2012-03-28 03:00:00,3.280796394166608
2012-03-28 04:00:00,2.687676465468736
2012-03-28 05:00:00,21.165349206349205
2012-03-28 06:00:00,102.85888888888888
2012-03-28 07:00:00,258.73029761904763
2012-03-28 08:00:00,491.28880057932264
2012-03-28 09:00:00,287.00262207726917
2012-03-28 10:00:00,139.61624414244622
2012-03-28 11:00:00,168.18620490240806
2012-03-28 12:00:00,202.93534878171778
2012-03-28 13:00:00,201.87367246894885
2012-03-28 14:00:00,228.37953676732562
2012-03-28 15:00:00,230.96905651523525
2012-03-28 16:00:00,330.61610223791337
2012-03-28 17:00:00,644.4257702386334
2012-03-28 18:00:00,646.3083655724154
2012-03-28 19:00:00,470.45428338877406
2012-03-28 20:00:00,310.5511204974926
2012-03-28 21:00:00,242.326751664729
2012-03-28 22:00:00,198.48466300290846
2012-03-28 23:00:00,100.5611400687548
2012-03-29 00:00:00,44.86698629148629
2012-03-29 01:00:00,19.777828879302067
2012-03-29 02:00:00,12.083048626213316
2012-03-29 03:00:00,5.82804110100407
2012-03-29 04:00:00,6.111448884594748
2012-03-29 05:00:00,28.43097150072151
2012-03-29 06:00:00,100.61972222222222
2012-03-29 07:00:00,297.83374891774884
2012-03-29 08:00:00,470.73386984339186
2012-03-29 09:00:00,299.7634843285799
2012-03-29 10:00:00,151.21494350818645
2012-03-29 11:00:00,168.8254068767792
2012-03-29 12:00:00,179.84406349893175
2012-03-29 13:00:00,182.633066328759
2012-03-29 14:00:00,172.24503956723322
2012-03-29 15:00:00,193.97046874833424
2012-03-29 16:00:00,280.0158110032808
2012-03-29 17:00:00,506.08274425128445
2012-03-29 18:00:00,492.94180930025584
2012-03-29 19:00:00,358.52835469208316
2012-03-29 20:00:00,228.3450513207459
2012-03-29 21:00:00,177.78547258176656
2012-03-29 22:00:00,121.45489819047913
2012-03-29 23:00:00,81.65334605508872
2012-03-30 00:00:00,45.66666666666666
2012-03-30 01:00:00,22.263446266968327
2012-03-30 02:00:00,9.159457700194544
2012-03-30 03:00:00,5.925334021662582
2012-03-30 04:00:00,4.3476514983978385
2012-03-30 05:00:00,18.72337909599846
2012-03-30 06:00:00,85.43943130553656
2012-03-30 07:00:00,244.31577777777775
2012-03-30 08:00:00,419.1674623015872
2012-03-30 09:00:00,248.78004640249455
2012-03-30 10:00:00,117.77357804003817
2012-03-30 11:00:00,133.8216052649532
2012-03-30 12:00:00,127.90262011648372
2012-03-30 13:00:00,115.64304700839665
2012-03-30 14:00:00,97.05040568444284
2012-03-30 15:00:00,111.51484525875742
2012-03-30 16:00:00,95.40553237539332
2012-03-30 17:00:00,298.26176149547047
2012-03-30 18:00:00,325.85709965505714
2012-03-30 19:00:00,240.06119235021947
2012-03-30 20:00:00,142.42189569379104
2012-03-30 21:00:00,125.75731314489431
2012-03-30 22:00:00,108.36489652485149
2012-03-30 23:00:00,76.54287412464986
2012-03-31 00:00:00,51.44876388888888
2012-03-31 01:00:00,51.45146306471305
2012-03-31 02:00:00,33.746607142857144
2012-03-31 03:00:00,17.67089809997613
2012-03-31 04:00:00,5.808075209877841
2012-03-31 05:00:00,6.000684517649908
2012-03-31 06:00:00,21.513805555555553
2012-03-31 07:00:00,31.624208333333332
2012-03-31 08:00:00,83.77250732600733
2012-03-31 09:00:00,87.4265300502874
2012-03-31 10:00:00,222.26246942092996
2012-03-31 11:00:00,294.46560119047615
2012-03-31 12:00:00,326.2908349314084
2012-03-31 13:00:00,522.0426881017534
2012-03-31 14:00:00,387.3191981792717
2012-03-31 15:00:00,417.9757203629704
2012-03-31 16:00:00,381.07760347985345
2012-03-31 17:00:00,265.0518071581197
2012-03-31 18:00:00,190.85057936507937
2012-03-31 19:00:00,132.77993429712444
2012-03-31 20:00:00,92.75774997346753
2012-03-31 21:00:00,91.08736874373758
2012-03-31 22:00:00,82.84117241648458
2012-03-31 23:00:00,54.06764458020049
2012-04-20 00:00:00,46.21567857142857
2012-04-20 01:00:00,20.169130050505053
2012-04-20 02:00:00,9.009220086415132
2012-04-20 03:00:00,6.690352459134746
2012-04-20 04:00:00,5.3236517762555335
2012-04-20 05:00:00,25.366000000000003
2012-04-20 06:00:00,89.197
2012-04-20 07:00:00,286.5875
2012-04-20 08:00:00,496.045
2012-04-20 09:00:00,282.8501593406594
2012-04-20 10:00:00,134.14795675436045
2012-04-20 11:00:00,158.02449996425707
2012-04-20 12:00:00,209.81041847195374
2012-04-20 13:00:00,262.41096201208666
2012-04-20 14:00:00,255.91327631916934
2012-04-20 15:00:00,271.70486054311885
2012-04-20 16:00:00,343.8379964872953
2012-04-20 17:00:00,573.9294391462042
2012-04-20 18:00:00,548.5741291092431
2012-04-20 19:00:00,420.9202794765204
2012-04-20 20:00:00,295.29108507652
2012-04-20 21:00:00,214.3032093777323
2012-04-20 22:00:00,171.53259382581626
2012-04-20 23:00:00,140.83031633225028
2012-04-21 00:00:00,76.68375
2012-04-21 01:00:00,65.28399999999999
2012-04-21 02:00:00,58.27383333333334
2012-04-21 03:00:00,26.903728012710452
2012-04-21 04:00:00,10.020508475529622
2012-04-21 05:00:00,11.733886184422035
2012-04-21 06:00:00,30.99434628829026
2012-04-21 07:00:00,60.8708901098901
2012-04-21 08:00:00,140.355
2012-04-21 09:00:00,187.77436417748922
2012-04-21 10:00:00,392.1722638888889
2012-04-21 11:00:00,476.46569978632476
2012-04-21 12:00:00,605.1537742604618
2012-04-21 13:00:00,613.9780160495746
2012-04-21 14:00:00,577.9302437224308
2012-04-21 15:00:00,578.4518319894499
2012-04-21 16:00:00,596.2686309870363
2012-04-21 17:00:00,537.707861068887
2012-04-21 18:00:00,513.4539156607549
2012-04-21 19:00:00,226.51413821200586
2012-04-21 20:00:00,88.63203905597325
2012-04-21 21:00:00,85.91202777777777
2012-04-21 22:00:00,129.13456075492343
2012-04-21 23:00:00,62.775014705882356
2012-04-22 00:00:00,80.56767857142857
2012-04-22 01:00:00,51.18714285714285
2012-04-22 02:00:00,43.01807142857142
2012-04-22 03:00:00,21.7090706561781
2012-04-22 04:00:00,8.06342538017538
2012-04-22 05:00:00,6.795416130716474
2012-04-22 06:00:00,29.856561624649864
2012-04-22 07:00:00,32.8575
2012-04-22 08:00:00,61.35335256410256
2012-04-22 09:00:00,84.23699013788143
2012-04-22 10:00:00,161.02460606060606
2012-04-22 11:00:00,156.39185606060607
2012-04-22 12:00:00,149.50060606060606
2012-04-22 13:00:00,168.9533560606061
2012-04-22 14:00:00,154.69435606060605
2012-04-22 15:00:00,143.23791666666665
2012-04-22 16:00:00,132.48291666666665
2012-04-22 17:00:00,82.50833333333333
2012-04-22 18:00:00,75.41
2012-04-22 19:00:00,51.34652777777778
2012-04-22 20:00:00,75.93269771241829
2012-04-22 21:00:00,75.00583333333333
2012-04-22 22:00:00,61.1075
2012-04-22 23:00:00,47.48916666666666
2012-04-23 00:00:00,17.132497474747478
2012-04-23 01:00:00,7.07612012987013
2012-04-23 02:00:00,6.497174538565206
2012-04-23 03:00:00,2.65117842200417
2012-04-23 04:00:00,2.439906078888955
2012-04-23 05:00:00,8.91968722943723
2012-04-23 06:00:00,52.83208333333334
2012-04-23 07:00:00,139.2
2012-04-23 08:00:00,431.4145
2012-04-23 09:00:00,231.75591998556996
2012-04-23 10:00:00,78.17274408796564
2012-04-23 11:00:00,79.50379199757238
2012-04-23 12:00:00,75.66485542066772
2012-04-23 13:00:00,79.41381810096036
2012-04-23 14:00:00,92.68009902597404
2012-04-23 15:00:00,102.03583579369636
2012-04-23 16:00:00,122.04699934123848
2012-04-23 17:00:00,170.24872562160064
2012-04-23 18:00:00,195.58296424086603
2012-04-23 19:00:00,201.77717007089916
2012-04-23 20:00:00,107.6893164823501
2012-04-23 21:00:00,108.72179829884283
2012-04-23 22:00:00,78.34577998382451
2012-04-23 23:00:00,48.47520490620491
2012-04-24 00:00:00,21.481224832636407
2012-04-24 01:00:00,8.490628674737689
2012-04-24 02:00:00,4.1509822871172215
2012-04-24 03:00:00,2.642232396957916
2012-04-24 04:00:00,2.048169821899364
2012-04-24 05:00:00,18.85734514627373
2012-04-24 06:00:00,80.80090100250628
2012-04-24 07:00:00,291.38846663059167
2012-04-24 08:00:00,459.12634923409934
2012-04-24 09:00:00,300.4758768943475
2012-04-24 10:00:00,175.6553936365339
2012-04-24 11:00:00,215.76192261058975
2012-04-24 12:00:00,243.17146685273408
2012-04-24 13:00:00,239.1641828614539
2012-04-24 14:00:00,230.721019932284
2012-04-24 15:00:00,236.51547411691442
2012-04-24 16:00:00,365.6692776294708
2012-04-24 17:00:00,611.0841036903267
2012-04-24 18:00:00,569.1593687366168
2012-04-24 19:00:00,433.42209523809527
2012-04-24 20:00:00,312.561773448597
2012-04-24 21:00:00,211.9873530964799
2012-04-24 22:00:00,147.22421339771338
2012-04-24 23:00:00,84.96620292207794
2012-04-25 00:00:00,35.53843747082166
2012-04-25 01:00:00,10.979665283181733
2012-04-25 02:00:00,6.659536330981483
2012-04-25 03:00:00,2.507025347785782
2012-04-25 04:00:00,2.3937843889885544
2012-04-25 05:00:00,22.777208152958153
2012-04-25 06:00:00,89.18357560568089
2012-04-25 07:00:00,300.7025
2012-04-25 08:00:00,478.5765964868466
2012-04-25 09:00:00,335.2978648251259
2012-04-25 10:00:00,201.06851628854977
2012-04-25 11:00:00,215.95030922310013
2012-04-25 12:00:00,231.96731109419576
2012-04-25 13:00:00,249.1589891339683
2012-04-25 14:00:00,209.858012342099
2012-04-25 15:00:00,269.26517401546863
2012-04-25 16:00:00,356.4332617115711
2012-04-25 17:00:00,646.6338173669253
2012-04-25 18:00:00,646.885113884626
2012-04-25 19:00:00,479.4782692542113
2012-04-25 20:00:00,335.84599138313735
2012-04-25 21:00:00,227.5300608714145
2012-04-25 22:00:00,171.09420408962265
2012-04-25 23:00:00,103.8389274170274
2012-04-26 00:00:00,38.402289215686274
2012-04-26 01:00:00,15.61161865911866
2012-04-26 02:00:00,10.457773164412659
2012-04-26 03:00:00,4.8507396225125055
2012-04-26 04:00:00,5.048794977040045
2012-04-26 05:00:00,21.521724518902147
2012-04-26 06:00:00,89.54
2012-04-26 07:00:00,217.09942355889726
2012-04-26 08:00:00,391.313875
2012-04-26 09:00:00,357.9677937658156
2012-04-26 10:00:00,86.38388560948853
2012-04-26 11:00:00,87.9343038073038
2012-04-26 12:00:00,128.14856114676888
2012-04-26 13:00:00,108.5361106571033
2012-04-26 14:00:00,130.9402478869933
2012-04-26 15:00:00,109.4071232048375
2012-04-26 16:00:00,142.55753194478177
2012-04-26 17:00:00,503.1400489433811
2012-04-26 18:00:00,462.0842425013712
2012-04-26 19:00:00,391.0294413650076
2012-04-26 20:00:00,208.08528325937144
2012-04-26 21:00:00,147.3971260269899
2012-04-26 22:00:00,166.74827932076104
2012-04-26 23:00:00,104.0940198828949
2012-04-27 00:00:00,47.64440773809523
2012-04-27 01:00:00,26.291008455433456
2012-04-27 02:00:00,13.648296599234103
2012-04-27 03:00:00,6.275599648546159
2012-04-27 04:00:00,4.8624086095311245
2012-04-27 05:00:00,27.32899873737374
2012-04-27 06:00:00,97.445
2012-04-27 07:00:00,275.6249520757021
2012-04-27 08:00:00,535.3628333333334
2012-04-27 09:00:00,286.68788151227864
2012-04-27 10:00:00,204.42486249458636
2012-04-27 11:00:00,234.52584057927052
2012-04-27 12:00:00,317.61688458118897
2012-04-27 13:00:00,369.7376917816639
2012-04-27 14:00:00,366.377922294207
2012-04-27 15:00:00,377.5628421724273
2012-04-27 16:00:00,363.18960400247806
2012-04-27 17:00:00,588.55252164741
2012-04-27 18:00:00,496.850098215388
2012-04-27 19:00:00,372.32012499999996
2012-04-27 20:00:00,282.4250169108825
2012-04-27 21:00:00,228.1703424807423
2012-04-27 22:00:00,136.63749427564395
2012-04-27 23:00:00,93.24280637254903
2012-04-28 00:00:00,83.13318253968254
2012-04-28 01:00:00,57.56295436507937
2012-04-28 02:00:00,52.585011904761906
2012-04-28 03:00:00,22.213284630960715
2012-04-28 04:00:00,8.323729509589066
2012-04-28 05:00:00,7.72096232551325
2012-04-28 06:00:00,25.49480844155844
2012-04-28 07:00:00,51.94921153846154
2012-04-28 08:00:00,125.38156455026456
2012-04-28 09:00:00,200.2340992786059
2012-04-28 10:00:00,275.62223124289505
2012-04-28 11:00:00,288.9554057291484
2012-04-28 12:00:00,292.56425250913844
2012-04-28 13:00:00,346.7874470983494
2012-04-28 14:00:00,399.0955643350763
2012-04-28 15:00:00,377.87990517179225
2012-04-28 16:00:00,374.6532409360916
2012-04-28 17:00:00,305.1846659415627
2012-04-28 18:00:00,364.11516666666665
2012-04-28 19:00:00,111.63730321123666
2012-04-28 20:00:00,139.89420860733105
2012-04-28 21:00:00,93.4987820126733
2012-04-28 22:00:00,99.30406258040779
2012-04-28 23:00:00,74.61715983893559
2012-04-29 00:00:00,48.493545634920636
2012-04-29 01:00:00,48.85407868520369
2012-04-29 02:00:00,45.4415303030303
2012-04-29 03:00:00,16.609832707035743
2012-04-29 04:00:00,8.47454639093613
2012-04-29 05:00:00,9.210309360464807
2012-04-29 06:00:00,27.515605006105005
2012-04-29 07:00:00,41.456625
2012-04-29 08:00:00,90.95563611388611
2012-04-29 09:00:00,137.94761656861655
2012-04-29 10:00:00,281.69073448773446
2012-04-29 11:00:00,331.5744266139654
2012-04-29 12:00:00,388.43883587274235
2012-04-29 13:00:00,563.4996851806318
2012-04-29 14:00:00,557.0507852041171
2012-04-29 15:00:00,540.1892189974511
2012-04-29 16:00:00,511.3082323913062
2012-04-29 17:00:00,453.1414854165724
2012-04-29 18:00:00,407.453597888588
2012-04-29 19:00:00,245.8716696440075
2012-04-29 20:00:00,230.07449517664077
2012-04-29 21:00:00,159.91163415138783
2012-04-29 22:00:00,102.96466666666667
2012-04-29 23:00:00,72.04859523809525
2012-04-30 00:00:00,35.74137116702742
2012-04-30 01:00:00,11.969791689519631
2012-04-30 02:00:00,8.993126213225723
2012-04-30 03:00:00,3.4652641177068686
2012-04-30 04:00:00,3.1160457971175766
2012-04-30 05:00:00,15.486199744699743
2012-04-30 06:00:00,89.71440476190477
2012-04-30 07:00:00,303.2857417582417
2012-04-30 08:00:00,528.0762509573759
2012-04-30 09:00:00,304.8202873482726
2012-04-30 10:00:00,171.3037258592437
2012-04-30 11:00:00,170.9035844701554
2012-04-30 12:00:00,173.2189491432959
2012-04-30 13:00:00,160.15569253836793
2012-04-30 14:00:00,160.63493220053704
2012-04-30 15:00:00,163.09015595209956
2012-04-30 16:00:00,267.832007474686
2012-04-30 17:00:00,526.8303704443442
2012-04-30 18:00:00,556.069486700744
2012-04-30 19:00:00,378.8421833485959
2012-04-30 20:00:00,217.70106405338652
2012-04-30 21:00:00,185.2531910770744
2012-04-30 22:00:00,139.01354797979798
2012-04-30 23:00:00,72.45975955988457
2012-05-20 00:00:00,145.1754158217635
2012-05-20 01:00:00,105.1330572286649
2012-05-20 02:00:00,73.36407472237909
2012-05-20 03:00:00,35.87800804410407
2012-05-20 04:00:00,13.362911161248892
2012-05-20 05:00:00,12.937252995639344
2012-05-20 06:00:00,21.716085026299808
2012-05-20 07:00:00,48.00561381673882
2012-05-20 08:00:00,139.0577857142857
2012-05-20 09:00:00,261.18561201298706
2012-05-20 10:00:00,369.9204166666667
2012-05-20 11:00:00,491.9661960724889
2012-05-20 12:00:00,625.8418290507159
2012-05-20 13:00:00,624.1879467542942
2012-05-20 14:00:00,594.5546247512829
2012-05-20 15:00:00,576.2003855556471
2012-05-20 16:00:00,571.5255214892322
2012-05-20 17:00:00,498.41893035834744
2012-05-20 18:00:00,455.0383613786637
2012-05-20 19:00:00,320.7010248127969
2012-05-20 20:00:00,289.0599245261803
2012-05-20 21:00:00,204.07388308646972
2012-05-20 22:00:00,141.39561813186813
2012-05-20 23:00:00,84.58021825396827
2012-05-21 00:00:00,28.57178428530533
2012-05-21 01:00:00,15.693605800516016
2012-05-21 02:00:00,7.581400079778203
2012-05-21 03:00:00,4.739094027778008
2012-05-21 04:00:00,4.228951466500501
2012-05-21 05:00:00,19.514863670643084
2012-05-21 06:00:00,66.625
2012-05-21 07:00:00,168.305
2012-05-21 08:00:00,206.69299999999998
2012-05-21 09:00:00,157.00175
2012-05-21 10:00:00,93.43239119274448
2012-05-21 11:00:00,144.04494763328543
2012-05-21 12:00:00,175.37346230710335
2012-05-21 13:00:00,118.15809842995169
2012-05-21 14:00:00,124.65786111111109
2012-05-21 15:00:00,209.11984590494922
2012-05-21 16:00:00,320.18412675364175
2012-05-21 17:00:00,653.4668688126326
2012-05-21 18:00:00,608.4471998978378
2012-05-21 19:00:00,415.2722500184102
2012-05-21 20:00:00,286.1766281874125
2012-05-21 21:00:00,226.45209854561884
2012-05-21 22:00:00,144.64808158508154
2012-05-21 23:00:00,82.7382398989899
2012-05-22 00:00:00,33.239655541845075
2012-05-22 01:00:00,16.227859152243305
2012-05-22 02:00:00,7.164453942871712
2012-05-22 03:00:00,5.802014643725332
2012-05-22 04:00:00,4.91601418659168
2012-05-22 05:00:00,19.073828041239803
2012-05-22 06:00:00,81.11166666666666
2012-05-22 07:00:00,147.03
2012-05-22 08:00:00,496.6522833856133
2012-05-22 09:00:00,323.14513140346867
2012-05-22 10:00:00,162.97138176844655
2012-05-22 11:00:00,171.6848415792692
2012-05-22 12:00:00,194.403987319538
2012-05-22 13:00:00,221.0440818003744
2012-05-22 14:00:00,214.48835542980854
2012-05-22 15:00:00,231.66221147226918
2012-05-22 16:00:00,337.0212224160085
2012-05-22 17:00:00,707.0127951948722
2012-05-22 18:00:00,676.7606831724291
2012-05-22 19:00:00,442.67392715146235
2012-05-22 20:00:00,347.3138831155593
2012-05-22 21:00:00,251.2922519054773
2012-05-22 22:00:00,168.78863103051918
2012-05-22 23:00:00,91.99791376401379
2012-05-23 00:00:00,41.38336928027577
2012-05-23 01:00:00,19.901982995383143
2012-05-23 02:00:00,7.514336151161647
2012-05-23 03:00:00,6.141513829300953
2012-05-23 04:00:00,5.171558921816921
2012-05-23 05:00:00,21.279520806807565
2012-05-23 06:00:00,135.72843355859123
2012-05-23 07:00:00,391.52104746240605
2012-05-23 08:00:00,613.398732117437
2012-05-23 09:00:00,325.0079786647821
2012-05-23 10:00:00,176.4772543388157
2012-05-23 11:00:00,191.47346019279826
2012-05-23 12:00:00,238.98871698017098
2012-05-23 13:00:00,220.85573854873397
2012-05-23 14:00:00,233.63931196880483
2012-05-23 15:00:00,237.8036946631551
2012-05-23 16:00:00,324.26317268300073
2012-05-23 17:00:00,572.7700321659383
2012-05-23 18:00:00,570.0695871691906
2012-05-23 19:00:00,303.5324692706029
2012-05-23 20:00:00,185.73439495373884
2012-05-23 21:00:00,155.87206416068096
2012-05-23 22:00:00,170.39120512485036
2012-05-23 23:00:00,102.80784567352583
2012-05-24 00:00:00,57.95973641435194
2012-05-24 01:00:00,19.715383239431638
2012-05-24 02:00:00,12.457180200752703
2012-05-24 03:00:00,5.540486373503371
2012-05-24 04:00:00,5.101263212855887
2012-05-24 05:00:00,25.77814096890354
2012-05-24 06:00:00,127.63816125691626
2012-05-24 07:00:00,385.9644328159414
2012-05-24 08:00:00,555.0063707674052
2012-05-24 09:00:00,272.36579368608034
2012-05-24 10:00:00,180.96299757006454
2012-05-24 11:00:00,206.48906231308226
2012-05-24 12:00:00,256.6324263755612
2012-05-24 13:00:00,237.3354549295366
2012-05-24 14:00:00,227.15049006439364
2012-05-24 15:00:00,223.9445032485958
2012-05-24 16:00:00,332.28850022679785
2012-05-24 17:00:00,657.8672758328132
2012-05-24 18:00:00,560.378116640935
2012-05-24 19:00:00,506.54180473056954
2012-05-24 20:00:00,324.36608630933944
2012-05-24 21:00:00,190.42487483621824
2012-05-24 22:00:00,189.04781607004105
2012-05-24 23:00:00,126.39632261904762
2012-05-25 00:00:00,77.17313138465938
2012-05-25 01:00:00,31.302795634920635
2012-05-25 02:00:00,11.353895325434797
2012-05-25 03:00:00,6.062466548653763
2012-05-25 04:00:00,6.376040828863181
2012-05-25 05:00:00,26.46110045386303
2012-05-25 06:00:00,126.02392394524921
2012-05-25 07:00:00,366.32658784271285
2012-05-25 08:00:00,606.3585165945166
2012-05-25 09:00:00,277.9118208190087
2012-05-25 10:00:00,200.61368477585586
2012-05-25 11:00:00,222.69236447702616
2012-05-25 12:00:00,266.32954386035976
2012-05-25 13:00:00,262.2404169707618
2012-05-25 14:00:00,267.07783786054455
2012-05-25 15:00:00,241.05270525559683
2012-05-25 16:00:00,359.2199930510289
2012-05-25 17:00:00,606.9603037125488
2012-05-25 18:00:00,544.7347434192983
2012-05-25 19:00:00,457.9870202943772
2012-05-25 20:00:00,333.1656321191957
2012-05-25 21:00:00,245.07364895354007
2012-05-25 22:00:00,249.36200029773178
2012-05-25 23:00:00,179.5574260965642
2012-05-26 00:00:00,130.3601081773619
2012-05-26 01:00:00,95.05523978631192
2012-05-26 02:00:00,64.89664210952446
2012-05-26 03:00:00,28.824515682986515
2012-05-26 04:00:00,10.636587464793644
2012-05-26 05:00:00,10.080486509573804
2012-05-26 06:00:00,31.025122872816837
2012-05-26 07:00:00,49.32545833333334
2012-05-26 08:00:00,172.57115873015871
2012-05-26 09:00:00,192.07902870621078
2012-05-26 10:00:00,266.6535961330336
2012-05-26 11:00:00,365.09223651922787
2012-05-26 12:00:00,446.8321902425298
2012-05-26 13:00:00,447.5793176935101
2012-05-26 14:00:00,431.4719973471898
2012-05-26 15:00:00,438.07742706453143
2012-05-26 16:00:00,446.3421841738562
2012-05-26 17:00:00,462.6771279083078
2012-05-26 18:00:00,453.29495469981686
2012-05-26 19:00:00,312.62474880193844
2012-05-26 20:00:00,298.3589607930251
2012-05-26 21:00:00,244.30244391667284
2012-05-26 22:00:00,235.20457450361573
2012-05-26 23:00:00,177.0962728441149
2012-05-27 00:00:00,121.279130013369
2012-05-27 01:00:00,106.75973693116917
2012-05-27 02:00:00,75.49673099666035
2012-05-27 03:00:00,35.79178586691086
2012-05-27 04:00:00,8.609248421774316
2012-05-27 05:00:00,9.0129298173405
2012-05-27 06:00:00,15.800516186299081
2012-05-27 07:00:00,46.60618867243868
2012-05-27 08:00:00,108.63773214285713
2012-05-27 09:00:00,201.46243162393162
2012-05-27 10:00:00,314.3147099000138
2012-05-27 11:00:00,402.2840896542828
2012-05-27 12:00:00,435.57530318584924
2012-05-27 13:00:00,441.88780584539535
2012-05-27 14:00:00,424.09946598951683
2012-05-27 15:00:00,446.68710953978143
2012-05-27 16:00:00,451.6693119207337
2012-05-27 17:00:00,452.0153729897689
2012-05-27 18:00:00,419.0228443043884
2012-05-27 19:00:00,313.25665556310094
2012-05-27 20:00:00,314.53369505151005
2012-05-27 21:00:00,180.97774291231642
2012-05-27 22:00:00,107.06016666666666
2012-05-27 23:00:00,99.13657142857144
2012-05-28 00:00:00,114.93602709321223
2012-05-28 01:00:00,80.27910389610389
2012-05-28 02:00:00,45.3075
2012-05-28 03:00:00,24.634545993361783
2012-05-28 04:00:00,16.697581886836502
2012-05-28 05:00:00,17.826466177979107
2012-05-28 06:00:00,68.86925000000001
2012-05-28 07:00:00,174.058
2012-05-28 08:00:00,342.05654761904765
2012-05-28 09:00:00,262.98284179709185
2012-05-28 10:00:00,272.001692002442
2012-05-28 11:00:00,288.114489010989
2012-05-28 12:00:00,380.97666666666663
2012-05-28 13:00:00,420.95
2012-05-28 14:00:00,424.45
2012-05-28 15:00:00,415.59
2012-05-28 16:00:00,310.54288172747033
2012-05-28 17:00:00,488.92039210257576
2012-05-28 18:00:00,500.2805217580871
2012-05-28 19:00:00,447.2084420024421
2012-05-28 20:00:00,325.6375307505076
2012-05-28 21:00:00,280.43019682227884
2012-05-28 22:00:00,202.64908333333332
2012-05-28 23:00:00,108.17157142857141
2012-05-29 00:00:00,39.38551526541334
2012-05-29 01:00:00,20.157317575929554
2012-05-29 02:00:00,9.265516898696474
2012-05-29 03:00:00,5.537735146221951
2012-05-29 04:00:00,6.204812996515797
2012-05-29 05:00:00,26.41678020976262
2012-05-29 06:00:00,143.0178684810834
2012-05-29 07:00:00,359.4329318340156
2012-05-29 08:00:00,556.5332949482712
2012-05-29 09:00:00,256.24266189127
2012-05-29 10:00:00,148.76266278472704
2012-05-29 11:00:00,172.40093818996817
2012-05-29 12:00:00,198.02728270886035
2012-05-29 13:00:00,195.38493837552713
2012-05-29 14:00:00,195.05754763595203
2012-05-29 15:00:00,194.69586421114357
2012-05-29 16:00:00,326.4891609073671
2012-05-29 17:00:00,550.3929572646474
2012-05-29 18:00:00,543.2470158326636
2012-05-29 19:00:00,439.26524455010593
2012-05-29 20:00:00,277.9016716483643
2012-05-29 21:00:00,159.48200777000778
2012-05-29 22:00:00,143.27316655963085
2012-05-29 23:00:00,71.32658333333333
2012-05-30 00:00:00,38.8819018217428
2012-05-30 01:00:00,15.838086135540257
2012-05-30 02:00:00,7.652616691355621
2012-05-30 03:00:00,3.97423974659288
2012-05-30 04:00:00,5.142394996070772
2012-05-30 05:00:00,28.82076174697641
2012-05-30 06:00:00,138.26999172035704
2012-05-30 07:00:00,225.16440476190476
2012-05-30 08:00:00,581.9239226424559
2012-05-30 09:00:00,279.7761464963313
2012-05-30 10:00:00,149.15412306127462
2012-05-30 11:00:00,201.53641487815548
2012-05-30 12:00:00,255.2560694124519
2012-05-30 13:00:00,249.4698414270241
2012-05-30 14:00:00,241.28848440661946
2012-05-30 15:00:00,230.78278022779847
2012-05-30 16:00:00,372.78294116785486
2012-05-30 17:00:00,665.6144183643196
2012-05-30 18:00:00,725.8062744307852
2012-05-30 19:00:00,494.1515416545665
2012-05-30 20:00:00,277.8263249495986
2012-05-30 21:00:00,267.88479013025426
2012-05-30 22:00:00,241.65931610970824
2012-05-30 23:00:00,112.25992484888695
2012-05-31 00:00:00,61.65224998483514
2012-05-31 01:00:00,28.894536511136497
2012-05-31 02:00:00,10.28611387204124
2012-05-31 03:00:00,6.4710768340960465
2012-05-31 04:00:00,6.677427164838028
2012-05-31 05:00:00,30.512553215351804
2012-05-31 06:00:00,143.61495876760526
2012-05-31 07:00:00,431.36386566245926
2012-05-31 08:00:00,567.8127035354362
2012-05-31 09:00:00,253.59473253196603
2012-05-31 10:00:00,143.4643765729925
2012-05-31 11:00:00,179.0273143651839
2012-05-31 12:00:00,262.2926707790297
2012-05-31 13:00:00,257.7104234754183
2012-05-31 14:00:00,232.30971283860924
2012-05-31 15:00:00,204.30086749684054
2012-05-31 16:00:00,382.6992754953317
2012-05-31 17:00:00,759.1669489027216
2012-05-31 18:00:00,729.2380028775736
2012-05-31 19:00:00,501.2506442712937
2012-05-31 20:00:00,363.0754797766647
2012-05-31 21:00:00,278.0284400461293
2012-05-31 22:00:00,244.62690495539147
2012-05-31 23:00:00,161.00728142959196
2012-06-20 00:00:00,39.049855248919734
2012-06-20 01:00:00,20.64615627398415
2012-06-20 02:00:00,7.8608988624207905
2012-06-20 03:00:00,6.114038720858739
2012-06-20 04:00:00,6.4592065759700015
2012-06-20 05:00:00,32.14755842746718
2012-06-20 06:00:00,133.63315281156312
2012-06-20 07:00:00,356.41921820138924
2012-06-20 08:00:00,538.0928881936405
2012-06-20 09:00:00,327.02964875402375
2012-06-20 10:00:00,150.05781262535416
2012-06-20 11:00:00,153.31513591021368
2012-06-20 12:00:00,159.47640312151933
2012-06-20 13:00:00,188.57130689983163
2012-06-20 14:00:00,153.08291840052195
2012-06-20 15:00:00,156.2597868463815
2012-06-20 16:00:00,315.32319826604106
2012-06-20 17:00:00,634.1462959391141
2012-06-20 18:00:00,633.208170939114
2012-06-20 19:00:00,476.747025443038
2012-06-20 20:00:00,346.43007883429397
2012-06-20 21:00:00,277.15204359769746
2012-06-20 22:00:00,242.9838662282882
2012-06-20 23:00:00,125.00361700395409
2012-06-21 00:00:00,63.0658218620183
2012-06-21 01:00:00,23.67424137322804
2012-06-21 02:00:00,9.707779734637995
2012-06-21 03:00:00,5.917231450286109
2012-06-21 04:00:00,6.489886164889448
2012-06-21 05:00:00,31.96224780431581
2012-06-21 06:00:00,144.41779637503015
2012-06-21 07:00:00,380.96259229414386
2012-06-21 08:00:00,617.4514741504412
2012-06-21 09:00:00,248.95243620032855
2012-06-21 10:00:00,161.43943276065735
2012-06-21 11:00:00,173.1806223827491
2012-06-21 12:00:00,202.99839874002998
2012-06-21 13:00:00,187.60866925048566
2012-06-21 14:00:00,190.35146878177588
2012-06-21 15:00:00,177.75846048703542
2012-06-21 16:00:00,326.95527419459245
2012-06-21 17:00:00,707.542056817276
2012-06-21 18:00:00,700.804541338945
2012-06-21 19:00:00,466.5388323198773
2012-06-21 20:00:00,325.2917459688462
2012-06-21 21:00:00,293.0531000774886
2012-06-21 22:00:00,258.9435756547229
2012-06-21 23:00:00,140.21054764314633
2012-06-22 00:00:00,74.92464782439784
2012-06-22 01:00:00,35.49600010361716
2012-06-22 02:00:00,18.155634014881066
2012-06-22 03:00:00,6.7179734347349145
2012-06-22 04:00:00,8.052633355351542
2012-06-22 05:00:00,32.634020780301306
2012-06-22 06:00:00,130.13415386002885
2012-06-22 07:00:00,356.40034004884
2012-06-22 08:00:00,548.5831270194229
2012-06-22 09:00:00,249.1642345566656
2012-06-22 10:00:00,187.03401386766828
2012-06-22 11:00:00,228.15885263583496
2012-06-22 12:00:00,241.44077807411995
2012-06-22 13:00:00,320.82316829626825
2012-06-22 14:00:00,319.6404253309003
2012-06-22 15:00:00,320.12814895962106
2012-06-22 16:00:00,360.1995240022216
2012-06-22 17:00:00,656.2732221358788
2012-06-22 18:00:00,564.2215414200549
2012-06-22 19:00:00,411.7838039215687
2012-06-22 20:00:00,308.9039349860982
2012-06-22 21:00:00,192.38573522689677
2012-06-22 22:00:00,212.86511998574034
2012-06-22 23:00:00,151.13689107057374
2012-06-23 00:00:00,130.41786192810463
2012-06-23 01:00:00,88.36974497240939
2012-06-23 02:00:00,61.9108734182484
2012-06-23 03:00:00,29.249020338783936
2012-06-23 04:00:00,9.36033880608066
2012-06-23 05:00:00,9.239300555763872
2012-06-23 06:00:00,31.449399991286604
2012-06-23 07:00:00,61.00931937506936
2012-06-23 08:00:00,172.54558333333335
2012-06-23 09:00:00,233.54879091619156
2012-06-23 10:00:00,313.7778154761905
2012-06-23 11:00:00,411.2567371374654
2012-06-23 12:00:00,417.81780258656477
2012-06-23 13:00:00,424.16843831344727
2012-06-23 14:00:00,489.4568777903376
2012-06-23 15:00:00,425.44730082898167
2012-06-23 16:00:00,469.6531696413672
2012-06-23 17:00:00,450.2562363386362
2012-06-23 18:00:00,436.14765574268415
2012-06-23 19:00:00,359.7058050409472
2012-06-23 20:00:00,358.1816794850526
2012-06-23 21:00:00,265.19193127443674
2012-06-23 22:00:00,196.14829830497044
2012-06-23 23:00:00,173.05871886388965
2012-06-24 00:00:00,120.59550618580765
2012-06-24 01:00:00,100.43033651529203
2012-06-24 02:00:00,88.05175000000003
2012-06-24 03:00:00,34.60770404694205
2012-06-24 04:00:00,12.207183473319098
2012-06-24 05:00:00,12.202397236933336
2012-06-24 06:00:00,22.49924421270164
2012-06-24 07:00:00,49.37060092603476
2012-06-24 08:00:00,118.45141666666669
2012-06-24 09:00:00,218.12088557969807
2012-06-24 10:00:00,367.8064166666666
2012-06-24 11:00:00,454.6421634374619
2012-06-24 12:00:00,477.7967466663606
2012-06-24 13:00:00,482.6487019094589
2012-06-24 14:00:00,424.9643548196467
2012-06-24 15:00:00,439.4125011646795
2012-06-24 16:00:00,437.86010096087875
2012-06-24 17:00:00,428.7805814474134
2012-06-24 18:00:00,433.66138703445927
2012-06-24 19:00:00,374.26040704474394
2012-06-24 20:00:00,319.03235269895316
2012-06-24 21:00:00,227.8343827867394
2012-06-24 22:00:00,172.72938888888885
2012-06-24 23:00:00,100.16783333333333
2012-06-25 00:00:00,39.13397604293548
2012-06-25 01:00:00,19.456793029634472
2012-06-25 02:00:00,10.38513137893005
2012-06-25 03:00:00,6.232879745891699
2012-06-25 04:00:00,6.59105082503767
2012-06-25 05:00:00,29.676228204331274
2012-06-25 06:00:00,133.24736448234955
2012-06-25 07:00:00,335.08520616164526
2012-06-25 08:00:00,470.03217078944925
2012-06-25 09:00:00,262.7147601863292
2012-06-25 10:00:00,146.3973873292333
2012-06-25 11:00:00,172.28466480128316
2012-06-25 12:00:00,201.27157207258733
2012-06-25 13:00:00,200.559840482787
2012-06-25 14:00:00,219.9298610704428
2012-06-25 15:00:00,199.5239153423379
2012-06-25 16:00:00,358.8958668204923
2012-06-25 17:00:00,601.8659746287304
2012-06-25 18:00:00,615.6780582008852
2012-06-25 19:00:00,455.3158194444445
2012-06-25 20:00:00,360.76674715985706
2012-06-25 21:00:00,238.53287673964002
2012-06-25 22:00:00,133.7420357142857
2012-06-25 23:00:00,100.36308712121213
2012-06-26 00:00:00,37.05434254519248
2012-06-26 01:00:00,17.149571319622115
2012-06-26 02:00:00,10.002162149664407
2012-06-26 03:00:00,5.394757131142764
2012-06-26 04:00:00,6.9991976515928975
2012-06-26 05:00:00,31.030281958049024
2012-06-26 06:00:00,126.07413294664256
2012-06-26 07:00:00,360.6564960317461
2012-06-26 08:00:00,495.9152003135752
2012-06-26 09:00:00,243.32446673669472
2012-06-26 10:00:00,152.93618824060022
2012-06-26 11:00:00,205.01993556321656
2012-06-26 12:00:00,235.80159179383162
2012-06-26 13:00:00,230.76765583069525
2012-06-26 14:00:00,227.42911652190858
2012-06-26 15:00:00,213.85645922903942
2012-06-26 16:00:00,364.00435577993517
2012-06-26 17:00:00,653.3738615877425
2012-06-26 18:00:00,600.7768052006065
2012-06-26 19:00:00,496.6992647141342
2012-06-26 20:00:00,375.8098393222395
2012-06-26 21:00:00,249.8303511705215
2012-06-26 22:00:00,155.9555983515912
2012-06-26 23:00:00,94.5503446969697
2012-06-27 00:00:00,40.303700923895725
2012-06-27 01:00:00,18.28193085761113
2012-06-27 02:00:00,9.751625615277062
2012-06-27 03:00:00,5.555080264230587
2012-06-27 04:00:00,6.048693693647606
2012-06-27 05:00:00,30.558235880169697
2012-06-27 06:00:00,132.5666130332227
2012-06-27 07:00:00,359.7563547979797
2012-06-27 08:00:00,505.87107663894085
2012-06-27 09:00:00,252.934963440799
2012-06-27 10:00:00,136.23231310570785
2012-06-27 11:00:00,177.29749279803764
2012-06-27 12:00:00,204.92591009626634
2012-06-27 13:00:00,203.5030867854853
2012-06-27 14:00:00,202.52429039574716
2012-06-27 15:00:00,209.57247532798397
2012-06-27 16:00:00,354.4287942630427
2012-06-27 17:00:00,588.0642026332926
2012-06-27 18:00:00,582.8312210281974
2012-06-27 19:00:00,489.3322991766805
2012-06-27 20:00:00,372.40551818790453
2012-06-27 21:00:00,264.1959732380739
2012-06-27 22:00:00,177.87871324635967
2012-06-27 23:00:00,116.0122584670232
2012-06-28 00:00:00,55.815815719338026
2012-06-28 01:00:00,20.806671602725206
2012-06-28 02:00:00,9.862451941225634
2012-06-28 03:00:00,6.037986996621897
2012-06-28 04:00:00,6.369853048619334
2012-06-28 05:00:00,30.239809448336192
2012-06-28 06:00:00,127.92872514636609
2012-06-28 07:00:00,366.47596850270054
2012-06-28 08:00:00,513.7283939651331
2012-06-28 09:00:00,268.442516966054
2012-06-28 10:00:00,162.8519001699091
2012-06-28 11:00:00,180.226844257876
2012-06-28 12:00:00,205.21756932748445
2012-06-28 13:00:00,249.60344979393972
2012-06-28 14:00:00,201.13834509302606
2012-06-28 15:00:00,200.97214057532153
2012-06-28 16:00:00,371.40680434706906
2012-06-28 17:00:00,677.8887703319974
2012-06-28 18:00:00,676.3002123994961
2012-06-28 19:00:00,454.33130783303386
2012-06-28 20:00:00,382.69679497904855
2012-06-28 21:00:00,286.92674203178103
2012-06-28 22:00:00,253.94451745714744
2012-06-28 23:00:00,146.91900492831542
2012-06-29 00:00:00,80.42332343204797
2012-06-29 01:00:00,33.955873194415254
2012-06-29 02:00:00,16.125399015403417
2012-06-29 03:00:00,6.8837558574691755
2012-06-29 04:00:00,6.8948504170667215
2012-06-29 05:00:00,30.632729141632776
2012-06-29 06:00:00,120.74179483747248
2012-06-29 07:00:00,317.8830622710623
2012-06-29 08:00:00,552.0526565914593
2012-06-29 09:00:00,246.15155350663335
2012-06-29 10:00:00,201.2754796661672
2012-06-29 11:00:00,237.3914625404789
2012-06-29 12:00:00,330.5236938146456
2012-06-29 13:00:00,318.0374067370603
2012-06-29 14:00:00,323.2893699862294
2012-06-29 15:00:00,276.2391824474975
2012-06-29 16:00:00,321.62661322720976
2012-06-29 17:00:00,547.2115783722315
2012-06-29 18:00:00,530.4800889790764
2012-06-29 19:00:00,411.0002416284696
2012-06-29 20:00:00,305.96548324136313
2012-06-29 21:00:00,373.6803707825223
2012-06-29 22:00:00,230.0057894736842
2012-06-29 23:00:00,147.22630478770455
2012-06-30 00:00:00,107.52538657625057
2012-06-30 01:00:00,90.93607943690294
2012-06-30 02:00:00,55.92656862745099
2012-06-30 03:00:00,30.40179796393656
2012-06-30 04:00:00,11.080813066051252
2012-06-30 05:00:00,9.928695350190589
2012-06-30 06:00:00,29.503569698213663
2012-06-30 07:00:00,67.39547705072704
2012-06-30 08:00:00,148.1643035714286
2012-06-30 09:00:00,185.9633853130186
2012-06-30 10:00:00,340.93941666666666
2012-06-30 11:00:00,408.0913576859051
2012-06-30 12:00:00,431.31991597479595
2012-06-30 13:00:00,433.862927784173
2012-06-30 14:00:00,435.10330760886785
2012-06-30 15:00:00,430.09595419022764
2012-06-30 16:00:00,450.0415047105011
2012-06-30 17:00:00,419.9296976378727
2012-06-30 18:00:00,430.118034520395
2012-06-30 19:00:00,360.49411734557265
2012-06-30 20:00:00,328.7739560885457
2012-06-30 21:00:00,276.1829430532438
2012-06-30 22:00:00,214.01174245831334
2012-06-30 23:00:00,178.54996484806045
2012-07-20 00:00:00,61.29666666666667
2012-07-20 01:00:00,23.449963940648722
2012-07-20 02:00:00,11.975370664638076
2012-07-20 03:00:00,6.133845460351559
2012-07-20 04:00:00,6.4645411238909
2012-07-20 05:00:00,33.523375704943476
2012-07-20 06:00:00,125.06831384571028
2012-07-20 07:00:00,362.4307054473304
2012-07-20 08:00:00,532.9193850667308
2012-07-20 09:00:00,328.6013853983041
2012-07-20 10:00:00,185.10947071757113
2012-07-20 11:00:00,176.35236320409612
2012-07-20 12:00:00,180.1919588334371
2012-07-20 13:00:00,174.19888264513264
2012-07-20 14:00:00,169.99599377705633
2012-07-20 15:00:00,207.01860813492064
2012-07-20 16:00:00,225.11001990750796
2012-07-20 17:00:00,318.6851644736842
2012-07-20 18:00:00,377.81923094887566
2012-07-20 19:00:00,309.1030315693078
2012-07-20 20:00:00,115.53765617642591
2012-07-20 21:00:00,134.14061180413154
2012-07-20 22:00:00,179.23448792289162
2012-07-20 23:00:00,133.10486049257761
2012-07-21 00:00:00,101.77092088467089
2012-07-21 01:00:00,94.31942971117036
2012-07-21 02:00:00,59.817404151404155
2012-07-21 03:00:00,28.481089669436084
2012-07-21 04:00:00,7.469987972128969
2012-07-21 05:00:00,8.359504336297269
2012-07-21 06:00:00,31.575416379310344
2012-07-21 07:00:00,46.785583333333335
2012-07-21 08:00:00,173.1056666666667
2012-07-21 09:00:00,196.07102086185677
2012-07-21 10:00:00,219.81083333333336
2012-07-21 11:00:00,290.3079705164116
2012-07-21 12:00:00,299.21837500000004
2012-07-21 13:00:00,261.9658295454546
2012-07-21 14:00:00,334.9837200585361
2012-07-21 15:00:00,374.7958333333333
2012-07-21 16:00:00,257.76145454545457
2012-07-21 17:00:00,279.64469264069265
2012-07-21 18:00:00,285.3767070291679
2012-07-21 19:00:00,213.9123709827818
2012-07-21 20:00:00,166.97184219873697
2012-07-21 21:00:00,174.4393845938702
2012-07-21 22:00:00,148.70965148442826
2012-07-21 23:00:00,135.2672786796537
2012-07-22 00:00:00,111.77804647884797
2012-07-22 01:00:00,99.32154297776229
2012-07-22 02:00:00,85.14934618702554
2012-07-22 03:00:00,34.33323633795504
2012-07-22 04:00:00,11.715130521223243
2012-07-22 05:00:00,12.248292652854047
2012-07-22 06:00:00,14.880200842458198
2012-07-22 07:00:00,36.18158766233767
2012-07-22 08:00:00,96.9942186147186
2012-07-22 09:00:00,246.3008376680509
2012-07-22 10:00:00,352.7593659739235
2012-07-22 11:00:00,368.92143951270356
2012-07-22 12:00:00,369.73840019070167
2012-07-22 13:00:00,392.4133102624969
2012-07-22 14:00:00,364.6760937593868
2012-07-22 15:00:00,351.80257493711434
2012-07-22 16:00:00,337.46876118017985
2012-07-22 17:00:00,341.73949779647114
2012-07-22 18:00:00,333.3733946081863
2012-07-22 19:00:00,296.9226312362105
2012-07-22 20:00:00,256.3694688847409
2012-07-22 21:00:00,198.38879659123202
2012-07-22 22:00:00,157.89451515151512
2012-07-22 23:00:00,86.65122222222224
2012-07-23 00:00:00,34.55228351868766
2012-07-23 01:00:00,15.295868575682382
2012-07-23 02:00:00,7.760244175303836
2012-07-23 03:00:00,5.177187282658914
2012-07-23 04:00:00,6.419571609529812
2012-07-23 05:00:00,31.41827062023874
2012-07-23 06:00:00,129.89790360039757
2012-07-23 07:00:00,365.5545752376709
2012-07-23 08:00:00,543.1640322717845
2012-07-23 09:00:00,287.0718097973506
2012-07-23 10:00:00,170.36669501465207
2012-07-23 11:00:00,181.2576647146323
2012-07-23 12:00:00,243.10485749300437
2012-07-23 13:00:00,239.907025146919
2012-07-23 14:00:00,226.36474211527198
2012-07-23 15:00:00,230.32894372855677
2012-07-23 16:00:00,366.3580769850879
2012-07-23 17:00:00,662.7352063565241
2012-07-23 18:00:00,626.0588313256511
2012-07-23 19:00:00,443.30799657398745
2012-07-23 20:00:00,350.01190869070325
2012-07-23 21:00:00,257.2083584848071
2012-07-23 22:00:00,189.63602291360598
2012-07-23 23:00:00,110.91384794372297
2012-07-24 00:00:00,46.641888699400404
2012-07-24 01:00:00,19.30281260344102
2012-07-24 02:00:00,8.31184706351048
2012-07-24 03:00:00,5.924025600984234
2012-07-24 04:00:00,6.556900495487863
2012-07-24 05:00:00,33.45886992576412
2012-07-24 06:00:00,149.25363337774183
2012-07-24 07:00:00,388.68212306451363
2012-07-24 08:00:00,485.42956292277887
2012-07-24 09:00:00,262.44742999711843
2012-07-24 10:00:00,143.08312967937567
2012-07-24 11:00:00,162.36287544118747
2012-07-24 12:00:00,197.25568427071906
2012-07-24 13:00:00,162.25820096083007
2012-07-24 14:00:00,168.9297736045664
2012-07-24 15:00:00,194.74299149249055
2012-07-24 16:00:00,343.1900793822947
2012-07-24 17:00:00,606.7993966919923
2012-07-24 18:00:00,621.9111434237582
2012-07-24 19:00:00,529.9890397147584
2012-07-24 20:00:00,349.7614043158283
2012-07-24 21:00:00,263.1173000193796
2012-07-24 22:00:00,175.98179234880618
2012-07-24 23:00:00,106.51606120268622
2012-07-25 00:00:00,45.84214878253192
2012-07-25 01:00:00,18.397818225614685
2012-07-25 02:00:00,9.492690331228054
2012-07-25 03:00:00,5.620277888894665
2012-07-25 04:00:00,6.142145268317698
2012-07-25 05:00:00,32.25351418599571
2012-07-25 06:00:00,133.3700489724589
2012-07-25 07:00:00,352.07382538621505
2012-07-25 08:00:00,493.57277555576474
2012-07-25 09:00:00,247.53333103616657
2012-07-25 10:00:00,164.47993814116592
2012-07-25 11:00:00,196.06230674650126
2012-07-25 12:00:00,245.43048864062092
2012-07-25 13:00:00,242.94864270301062
2012-07-25 14:00:00,226.7907742733213
2012-07-25 15:00:00,234.4543345182134
2012-07-25 16:00:00,365.3651920114315
2012-07-25 17:00:00,722.80361952859
2012-07-25 18:00:00,671.8809738652296
2012-07-25 19:00:00,522.1277433349113
2012-07-25 20:00:00,389.8149091588022
2012-07-25 21:00:00,283.1625406297955
2012-07-25 22:00:00,210.7680429404436
2012-07-25 23:00:00,128.40773702686204
2012-07-26 00:00:00,51.4317088608423
2012-07-26 01:00:00,22.284460349185483
2012-07-26 02:00:00,9.562537151039956
2012-07-26 03:00:00,5.972953309481519
2012-07-26 04:00:00,6.303102828392461
2012-07-26 05:00:00,30.58035774495825
2012-07-26 06:00:00,144.1485486165169
2012-07-26 07:00:00,387.1693023414453
2012-07-26 08:00:00,476.92221755602486
2012-07-26 09:00:00,273.98089191996866
2012-07-26 10:00:00,171.3904851130351
2012-07-26 11:00:00,160.71284237907028
2012-07-26 12:00:00,212.26127840565286
2012-07-26 13:00:00,209.7738709838886
2012-07-26 14:00:00,181.09926170237927
2012-07-26 15:00:00,186.1508416723347
2012-07-26 16:00:00,313.92651626002765
2012-07-26 17:00:00,512.6666305644533
2012-07-26 18:00:00,537.5619251371281
2012-07-26 19:00:00,414.35628131100924
2012-07-26 20:00:00,369.4800831359738
2012-07-26 21:00:00,270.8174023861782
2012-07-26 22:00:00,229.05874529877588
2012-07-26 23:00:00,143.35190372031292
2012-07-27 00:00:00,72.24380772841553
2012-07-27 01:00:00,39.9105136317557
2012-07-27 02:00:00,18.92547656122361
2012-07-27 03:00:00,7.200374393902991
2012-07-27 04:00:00,7.0921505479451135
2012-07-27 05:00:00,27.6365964797031
2012-07-27 06:00:00,117.25620151976754
2012-07-27 07:00:00,395.80190975723633
2012-07-27 08:00:00,625.6267198791454
2012-07-27 09:00:00,284.02621755096754
2012-07-27 10:00:00,207.28692923815953
2012-07-27 11:00:00,219.88502589853658
2012-07-27 12:00:00,259.2251376955994
2012-07-27 13:00:00,259.6500715788598
2012-07-27 14:00:00,281.7741242885737
2012-07-27 15:00:00,312.0969485592389
2012-07-27 16:00:00,367.11017900362094
2012-07-27 17:00:00,577.4845091342295
2012-07-27 18:00:00,578.480993403817
2012-07-27 19:00:00,429.4653315369272
2012-07-27 20:00:00,327.4368635791168
2012-07-27 21:00:00,279.2859428752163
2012-07-27 22:00:00,230.52650504925143
2012-07-27 23:00:00,161.7837141090334
2012-07-28 00:00:00,152.00658869382244
2012-07-28 01:00:00,83.52242766847152
2012-07-28 02:00:00,65.5334883241758
2012-07-28 03:00:00,31.736797520461987
2012-07-28 04:00:00,9.57763372154907
2012-07-28 05:00:00,12.130918914610513
2012-07-28 06:00:00,33.59582137874167
2012-07-28 07:00:00,64.36045007770008
2012-07-28 08:00:00,132.5452380952381
2012-07-28 09:00:00,247.21310146920067
2012-07-28 10:00:00,346.6417142857143
2012-07-28 11:00:00,362.52158733604716
2012-07-28 12:00:00,414.7094547790767
2012-07-28 13:00:00,420.3812793460879
2012-07-28 14:00:00,419.38748834479867
2012-07-28 15:00:00,395.3483241771248
2012-07-28 16:00:00,416.4441887452969
2012-07-28 17:00:00,420.8524653685601
2012-07-28 18:00:00,391.4068967309559
2012-07-28 19:00:00,255.26056695638775
2012-07-28 20:00:00,237.48004659337883
2012-07-28 21:00:00,218.34097500142968
2012-07-28 22:00:00,201.28235642082373
2012-07-28 23:00:00,174.08812885398913
2012-07-29 00:00:00,129.84085028966126
2012-07-29 01:00:00,94.05332310027136
2012-07-29 02:00:00,82.78591263544286
2012-07-29 03:00:00,42.42485794311898
2012-07-29 04:00:00,10.912179152981542
2012-07-29 05:00:00,10.67068269457438
2012-07-29 06:00:00,22.904438657146084
2012-07-29 07:00:00,45.165423340548344
2012-07-29 08:00:00,119.55640476190476
2012-07-29 09:00:00,218.34483107741926
2012-07-29 10:00:00,347.35375198412703
2012-07-29 11:00:00,368.386975102448
2012-07-29 12:00:00,426.7970836483707
2012-07-29 13:00:00,417.6013206568289
2012-07-29 14:00:00,399.94367268220446
2012-07-29 15:00:00,412.4262572638922
2012-07-29 16:00:00,411.3181808819408
2012-07-29 17:00:00,402.83692633493564
2012-07-29 18:00:00,411.5801205851465
2012-07-29 19:00:00,345.47153365525514
2012-07-29 20:00:00,286.67997508424725
2012-07-29 21:00:00,206.35260638422034
2012-07-29 22:00:00,152.61836813186812
2012-07-29 23:00:00,92.99083333333334
2012-07-30 00:00:00,48.42127091550067
2012-07-30 01:00:00,18.28585495164257
2012-07-30 02:00:00,10.721349064440336
2012-07-30 03:00:00,6.190659372443487
2012-07-30 04:00:00,6.923623711529314
2012-07-30 05:00:00,31.614548448921497
2012-07-30 06:00:00,124.06198736394312
2012-07-30 07:00:00,370.0757533128637
2012-07-30 08:00:00,541.7533104347989
2012-07-30 09:00:00,271.47715741937805
2012-07-30 10:00:00,154.13329490592187
2012-07-30 11:00:00,196.34376590151263
2012-07-30 12:00:00,233.2633516066791
2012-07-30 13:00:00,239.29870108746837
2012-07-30 14:00:00,232.09853500079333
2012-07-30 15:00:00,222.58592018240904
2012-07-30 16:00:00,353.4986126453396
2012-07-30 17:00:00,614.1002725967455
2012-07-30 18:00:00,603.3747433418595
2012-07-30 19:00:00,455.43190751757595
2012-07-30 20:00:00,333.24886945020785
2012-07-30 21:00:00,253.01857171301776
2012-07-30 22:00:00,147.5762075965701
2012-07-30 23:00:00,97.50700763125764
2012-07-31 00:00:00,34.65704475964141
2012-07-31 01:00:00,17.27833888397256
2012-07-31 02:00:00,8.389705493368911
2012-07-31 03:00:00,6.048275260148369
2012-07-31 04:00:00,6.556900495487863
2012-07-31 05:00:00,33.761557051301985
2012-07-31 06:00:00,142.48638772397902
2012-07-31 07:00:00,342.1398385698453
2012-07-31 08:00:00,567.0292014567664
2012-07-31 09:00:00,276.18564023860927
2012-07-31 10:00:00,170.71138089964697
2012-07-31 11:00:00,188.4084469795656
2012-07-31 12:00:00,245.18273106261532
2012-07-31 13:00:00,197.82036147493895
2012-07-31 14:00:00,197.42981955821975
2012-07-31 15:00:00,227.86569844494025
2012-07-31 16:00:00,328.82386005496863
2012-07-31 17:00:00,725.1345082205884
2012-07-31 18:00:00,667.6055574217551
2012-07-31 19:00:00,482.56859462467355
2012-07-31 20:00:00,322.4455750059465
2012-07-31 21:00:00,235.6464150000563
2012-07-31 22:00:00,162.89745540233295
2012-07-31 23:00:00,94.33368253968254
2012-08-20 00:00:00,31.74571359596565
2012-08-20 01:00:00,14.697933678026248
2012-08-20 02:00:00,8.180727975030344
2012-08-20 03:00:00,5.695921584573274
2012-08-20 04:00:00,7.422707146323859
2012-08-20 05:00:00,26.944067245601513
2012-08-20 06:00:00,141.44881657342995
2012-08-20 07:00:00,408.6340943117339
2012-08-20 08:00:00,561.6528098759428
2012-08-20 09:00:00,253.16520802666545
2012-08-20 10:00:00,174.65787657915132
2012-08-20 11:00:00,196.93716764860358
2012-08-20 12:00:00,247.23163230306125
2012-08-20 13:00:00,240.75656283631062
2012-08-20 14:00:00,224.1833394630296
2012-08-20 15:00:00,221.09937791750963
2012-08-20 16:00:00,358.44819266349646
2012-08-20 17:00:00,676.5762267343978
2012-08-20 18:00:00,508.03559523809525
2012-08-20 19:00:00,411.33185714285725
2012-08-20 20:00:00,212.83147334720377
2012-08-20 21:00:00,175.17245914239874
2012-08-20 22:00:00,138.4349643020378
2012-08-20 23:00:00,83.77846392496393
2012-08-21 00:00:00,31.01362139701393
2012-08-21 01:00:00,14.871083168707068
2012-08-21 02:00:00,6.188806989534714
2012-08-21 03:00:00,5.375693549042337
2012-08-21 04:00:00,6.093429913242943
2012-08-21 05:00:00,29.954311402805676
2012-08-21 06:00:00,140.7188076298823
2012-08-21 07:00:00,408.7532869332294
2012-08-21 08:00:00,558.4943217531368
2012-08-21 09:00:00,255.3667517586902
2012-08-21 10:00:00,177.6938485734857
2012-08-21 11:00:00,197.76840351396268
2012-08-21 12:00:00,254.965461353355
2012-08-21 13:00:00,253.31022819167484
2012-08-21 14:00:00,234.55869630895347
2012-08-21 15:00:00,236.18968434435124
2012-08-21 16:00:00,388.46221724191935
2012-08-21 17:00:00,630.8829611766457
2012-08-21 18:00:00,665.7044216097087
2012-08-21 19:00:00,424.2375075271702
2012-08-21 20:00:00,293.0892582569212
2012-08-21 21:00:00,256.66135252401966
2012-08-21 22:00:00,163.92506258599033
2012-08-21 23:00:00,100.33071861471862
2012-08-22 00:00:00,41.943892755384425
2012-08-22 01:00:00,21.476398283347535
2012-08-22 02:00:00,10.198007899839302
2012-08-22 03:00:00,6.213248945790396
2012-08-22 04:00:00,6.62837711822976
2012-08-22 05:00:00,31.54403419551296
2012-08-22 06:00:00,137.58687645932295
2012-08-22 07:00:00,382.62040517985196
2012-08-22 08:00:00,616.5232467685144
2012-08-22 09:00:00,309.1860986869812
2012-08-22 10:00:00,178.06883981540514
2012-08-22 11:00:00,203.31419951956133
2012-08-22 12:00:00,241.72102478794682
2012-08-22 13:00:00,243.56713865184926
2012-08-22 14:00:00,236.43258937747308
2012-08-22 15:00:00,235.20582337669327
2012-08-22 16:00:00,387.3541787967873
2012-08-22 17:00:00,680.7527134718562
2012-08-22 18:00:00,698.6265479056539
2012-08-22 19:00:00,430.03009781624263
2012-08-22 20:00:00,346.96823365803203
2012-08-22 21:00:00,284.86937112586406
2012-08-22 22:00:00,221.8942608026897
2012-08-22 23:00:00,116.21964230540702
2012-08-23 00:00:00,58.61849593509409
2012-08-23 01:00:00,22.68212695680209
2012-08-23 02:00:00,10.625053274997521
2012-08-23 03:00:00,6.595787957186612
2012-08-23 04:00:00,6.80193452942812
2012-08-23 05:00:00,29.818875491956856
2012-08-23 06:00:00,141.3803339187015
2012-08-23 07:00:00,367.2698406067617
2012-08-23 08:00:00,590.2670597423199
2012-08-23 09:00:00,301.37702526279185
2012-08-23 10:00:00,182.82258497745207
2012-08-23 11:00:00,219.50727207579587
2012-08-23 12:00:00,250.05443535870265
2012-08-23 13:00:00,248.91604502363919
2012-08-23 14:00:00,235.6157431218343
2012-08-23 15:00:00,239.09364704979959
2012-08-23 16:00:00,385.3667509315835
2012-08-23 17:00:00,731.0825790605459
2012-08-23 18:00:00,736.8353354097084
2012-08-23 19:00:00,525.625423945593
2012-08-23 20:00:00,387.6693684383907
2012-08-23 21:00:00,288.14676317270647
2012-08-23 22:00:00,182.97670265479894
2012-08-23 23:00:00,144.3363077848156
2012-08-24 00:00:00,71.67921414984743
2012-08-24 01:00:00,32.90326998878315
2012-08-24 02:00:00,17.240756544413276
2012-08-24 03:00:00,8.65063863538772
2012-08-24 04:00:00,8.382146656343144
2012-08-24 05:00:00,27.252681444604647
2012-08-24 06:00:00,109.16633051332299
2012-08-24 07:00:00,336.7906258354218
2012-08-24 08:00:00,565.544737491267
2012-08-24 09:00:00,319.46292565114624
2012-08-24 10:00:00,225.05992337791864
2012-08-24 11:00:00,244.73848294075148
2012-08-24 12:00:00,281.272990433324
2012-08-24 13:00:00,323.1975255994048
2012-08-24 14:00:00,236.48978753609765
2012-08-24 15:00:00,285.9418347179768
2012-08-24 16:00:00,393.2745506258441
2012-08-24 17:00:00,654.3672087653606
2012-08-24 18:00:00,527.8868980693833
2012-08-24 19:00:00,435.9798985093536
2012-08-24 20:00:00,362.94296580273607
2012-08-24 21:00:00,267.28652790103456
2012-08-24 22:00:00,182.3203395459349
2012-08-24 23:00:00,158.2542010688192
2012-08-25 00:00:00,118.39353991596637
2012-08-25 01:00:00,86.74282639630455
2012-08-25 02:00:00,78.75116707067444
2012-08-25 03:00:00,30.6321773999779
2012-08-25 04:00:00,10.581675866475834
2012-08-25 05:00:00,11.79926404885281
2012-08-25 06:00:00,29.31122756212478
2012-08-25 07:00:00,46.00677976190475
2012-08-25 08:00:00,166.57020833333337
2012-08-25 09:00:00,236.68413521772345
2012-08-25 10:00:00,343.91308463840073
2012-08-25 11:00:00,387.7583740038751
2012-08-25 12:00:00,525.1961405241728
2012-08-25 13:00:00,501.982863642267
2012-08-25 14:00:00,366.10860988506266
2012-08-25 15:00:00,293.7672962455533
2012-08-25 16:00:00,302.42193111556713
2012-08-25 17:00:00,294.92387479688585
2012-08-25 18:00:00,386.766568247542
2012-08-25 19:00:00,272.0157995968447
2012-08-25 20:00:00,131.5329200653148
2012-08-25 21:00:00,164.83251974739855
2012-08-25 22:00:00,165.29849667132095
2012-08-25 23:00:00,138.98969936204148
2012-08-26 00:00:00,136.62697839848056
2012-08-26 01:00:00,99.51535552963932
2012-08-26 02:00:00,75.10437829380767
2012-08-26 03:00:00,36.37870569438551
2012-08-26 04:00:00,8.413342528336266
2012-08-26 05:00:00,7.7153607106754984
2012-08-26 06:00:00,12.703259220354807
2012-08-26 07:00:00,40.18553571428572
2012-08-26 08:00:00,85.99916666666667
2012-08-26 09:00:00,214.27212084320908
2012-08-26 10:00:00,356.7907426470588
2012-08-26 11:00:00,394.37907665594435
2012-08-26 12:00:00,284.3167564102564
2012-08-26 13:00:00,281.4733333333333
2012-08-26 14:00:00,263.4037753762319
2012-08-26 15:00:00,287.1548464912281
2012-08-26 16:00:00,251.53517982456142
2012-08-26 17:00:00,299.5386868536434
2012-08-26 18:00:00,246.08004527863778
2012-08-26 19:00:00,197.42773870236198
2012-08-26 20:00:00,200.4030281727755
2012-08-26 21:00:00,152.41053552292436
2012-08-26 22:00:00,126.40029490592222
2012-08-26 23:00:00,109.94891758241758
2012-08-27 00:00:00,35.219548050741615
2012-08-27 01:00:00,15.115232342320278
2012-08-27 02:00:00,8.026097301405366
2012-08-27 03:00:00,5.6552076327517
2012-08-27 04:00:00,7.049097132607086
2012-08-27 05:00:00,25.57091705394373
2012-08-27 06:00:00,116.32451861886098
2012-08-27 07:00:00,304.18376729649344
2012-08-27 08:00:00,504.381863069818
2012-08-27 09:00:00,285.913433926468
2012-08-27 10:00:00,189.68095340440794
2012-08-27 11:00:00,187.83838430234238
2012-08-27 12:00:00,232.28028996657318
2012-08-27 13:00:00,230.04302486736205
2012-08-27 14:00:00,238.15796650173178
2012-08-27 15:00:00,192.9053422922954
2012-08-27 16:00:00,366.1128037172307
2012-08-27 17:00:00,663.4026897755667
2012-08-27 18:00:00,699.349625667369
2012-08-27 19:00:00,494.0591940628817
2012-08-27 20:00:00,395.8182715424536
2012-08-27 21:00:00,268.24564033208765
2012-08-27 22:00:00,136.4678929541047
2012-08-27 23:00:00,87.56554532967031
2012-08-28 00:00:00,37.94268999272907
2012-08-28 01:00:00,17.98254966170127
2012-08-28 02:00:00,8.352558765506378
2012-08-28 03:00:00,5.754335351398052
2012-08-28 04:00:00,6.550876954018886
2012-08-28 05:00:00,30.93970822397612
2012-08-28 06:00:00,149.31470646893254
2012-08-28 07:00:00,344.19743532038143
2012-08-28 08:00:00,572.5265416828717
2012-08-28 09:00:00,321.3907051846568
2012-08-28 10:00:00,143.81965207996328
2012-08-28 11:00:00,173.51325791777992
2012-08-28 12:00:00,196.82125502673532
2012-08-28 13:00:00,192.5879865256211
2012-08-28 14:00:00,190.36326283685707
2012-08-28 15:00:00,191.67060936396965
2012-08-28 16:00:00,362.6031252279557
2012-08-28 17:00:00,712.7027690344999
2012-08-28 18:00:00,701.0415726587032
2012-08-28 19:00:00,451.51927511071153
2012-08-28 20:00:00,364.2657421249905
2012-08-28 21:00:00,242.1126835846482
2012-08-28 22:00:00,177.28863696935994
2012-08-28 23:00:00,116.8647706043956
2012-08-29 00:00:00,39.11424496951334
2012-08-29 01:00:00,17.82035014483279
2012-08-29 02:00:00,9.085134889362749
2012-08-29 03:00:00,6.1105682620699735
2012-08-29 04:00:00,6.2554023890357255
2012-08-29 05:00:00,33.14026665185389
2012-08-29 06:00:00,151.50451658685242
2012-08-29 07:00:00,329.5910377945199
2012-08-29 08:00:00,614.9969052410044
2012-08-29 09:00:00,235.73888258006042
2012-08-29 10:00:00,170.70621244193237
2012-08-29 11:00:00,210.29386163309766
2012-08-29 12:00:00,249.55490509018222
2012-08-29 13:00:00,244.47394235751497
2012-08-29 14:00:00,237.36341079346516
2012-08-29 15:00:00,239.89890690354216
2012-08-29 16:00:00,388.0119858218412
2012-08-29 17:00:00,769.6318940989132
2012-08-29 18:00:00,742.6873060548598
2012-08-29 19:00:00,489.21389286621593
2012-08-29 20:00:00,382.8718118847755
2012-08-29 21:00:00,281.5162444931878
2012-08-29 22:00:00,217.273838036956
2012-08-29 23:00:00,133.18735001436468
2012-08-30 00:00:00,59.9043077400308
2012-08-30 01:00:00,22.898793958715974
2012-08-30 02:00:00,9.746440328520324
2012-08-30 03:00:00,6.549729831250329
2012-08-30 04:00:00,6.800994899913514
2012-08-30 05:00:00,30.693793840904583
2012-08-30 06:00:00,151.48447367854632
2012-08-30 07:00:00,472.7575218451913
2012-08-30 08:00:00,638.3653932452353
2012-08-30 09:00:00,291.0054701588615
2012-08-30 10:00:00,181.0842993785808
2012-08-30 11:00:00,225.35338783406598
2012-08-30 12:00:00,251.6096516046546
2012-08-30 13:00:00,244.77574324424262
2012-08-30 14:00:00,235.13692160363308
2012-08-30 15:00:00,239.94017594814696
2012-08-30 16:00:00,383.4090811313323
2012-08-30 17:00:00,792.3316901804617
2012-08-30 18:00:00,762.7052221273262
2012-08-30 19:00:00,559.6364010205141
2012-08-30 20:00:00,374.1133768156051
2012-08-30 21:00:00,296.40731970104343
2012-08-30 22:00:00,212.39741529447852
2012-08-30 23:00:00,145.37070526330393
2012-08-31 00:00:00,69.27717742195544
2012-08-31 01:00:00,29.083336595771375
2012-08-31 02:00:00,12.295725628359762
2012-08-31 03:00:00,6.568245009685217
2012-08-31 04:00:00,6.883958986012
2012-08-31 05:00:00,34.00072382135593
2012-08-31 06:00:00,121.90591940372674
2012-08-31 07:00:00,365.07889255236506
2012-08-31 08:00:00,582.5728413873709
2012-08-31 09:00:00,296.9395119704857
2012-08-31 10:00:00,176.2784127302055
2012-08-31 11:00:00,207.06627088297452
2012-08-31 12:00:00,281.98482507427934
2012-08-31 13:00:00,291.5250335724804
2012-08-31 14:00:00,286.9417083778491
2012-08-31 15:00:00,295.1988029838201
2012-08-31 16:00:00,357.34011283568316
2012-08-31 17:00:00,615.7267477096904
2012-08-31 18:00:00,589.9357786564149
2012-08-31 19:00:00,457.21258214416304
2012-08-31 20:00:00,364.7622022960789
2012-08-31 21:00:00,271.3276492963443
2012-08-31 22:00:00,227.6507372179024
2012-08-31 23:00:00,173.8910713100761
2012-09-20 00:00:00,53.23144912231464
2012-09-20 01:00:00,26.124782589597586
2012-09-20 02:00:00,10.67983791667701
2012-09-20 03:00:00,6.924974821348216
2012-09-20 04:00:00,6.988661000821176
2012-09-20 05:00:00,36.095010997805055
2012-09-20 06:00:00,156.71006748994364
2012-09-20 07:00:00,441.9004516594518
2012-09-20 08:00:00,671.4486613119386
2012-09-20 09:00:00,330.7124172689604
2012-09-20 10:00:00,185.9649169123082
2012-09-20 11:00:00,222.0832204692649
2012-09-20 12:00:00,285.11344039158445
2012-09-20 13:00:00,277.8034721736059
2012-09-20 14:00:00,253.09095640656753
2012-09-20 15:00:00,256.28216789578204
2012-09-20 16:00:00,378.4385624060171
2012-09-20 17:00:00,751.3768083369312
2012-09-20 18:00:00,731.1957528157186
2012-09-20 19:00:00,485.6678772212861
2012-09-20 20:00:00,330.40277289337786
2012-09-20 21:00:00,264.91836021286474
2012-09-20 22:00:00,200.6323978727409
2012-09-20 23:00:00,149.69807479591924
2012-09-21 00:00:00,78.13729658604916
2012-09-21 01:00:00,35.248159943777004
2012-09-21 02:00:00,19.711596219258382
2012-09-21 03:00:00,8.611898377622657
2012-09-21 04:00:00,9.565572164897139
2012-09-21 05:00:00,36.67724337348897
2012-09-21 06:00:00,148.99763690476192
2012-09-21 07:00:00,479.5490402930403
2012-09-21 08:00:00,616.9136304442495
2012-09-21 09:00:00,303.4531823157686
2012-09-21 10:00:00,195.59035518003316
2012-09-21 11:00:00,232.39785256495244
2012-09-21 12:00:00,325.0430145541212
2012-09-21 13:00:00,344.88707240191076
2012-09-21 14:00:00,333.67702014691895
2012-09-21 15:00:00,340.01011732044253
2012-09-21 16:00:00,383.3067863625126
2012-09-21 17:00:00,646.5633657366456
2012-09-21 18:00:00,572.1110512009541
2012-09-21 19:00:00,488.36672452547975
2012-09-21 20:00:00,347.6757846251206
2012-09-21 21:00:00,252.84007557559974
2012-09-21 22:00:00,230.93805101773208
2012-09-21 23:00:00,184.6997577736591
2012-09-22 00:00:00,142.15322932019313
2012-09-22 01:00:00,108.20188589550891
2012-09-22 02:00:00,68.57353226242356
2012-09-22 03:00:00,35.47837372594725
2012-09-22 04:00:00,12.12517469497473
2012-09-22 05:00:00,15.888524795139496
2012-09-22 06:00:00,30.50683495750717
2012-09-22 07:00:00,61.09318398268397
2012-09-22 08:00:00,164.1438333333333
2012-09-22 09:00:00,258.80062654706416
2012-09-22 10:00:00,399.6930789265202
2012-09-22 11:00:00,457.86231639552136
2012-09-22 12:00:00,524.1736085344146
2012-09-22 13:00:00,510.1002965339976
2012-09-22 14:00:00,461.54085221171977
2012-09-22 15:00:00,526.4633628122673
2012-09-22 16:00:00,495.5756626795092
2012-09-22 17:00:00,487.6634807974021
2012-09-22 18:00:00,472.03149657305244
2012-09-22 19:00:00,337.5513329751829
2012-09-22 20:00:00,328.402415347911
2012-09-22 21:00:00,257.1402701746396
2012-09-22 22:00:00,224.54559717003195
2012-09-22 23:00:00,168.63447637027213
2012-09-23 00:00:00,131.7418463585434
2012-09-23 01:00:00,107.5489772551297
2012-09-23 02:00:00,78.5476527307234
2012-09-23 03:00:00,37.857029304029304
2012-09-23 04:00:00,8.936603534988404
2012-09-23 05:00:00,8.973407545645388
2012-09-23 06:00:00,19.11561204712574
2012-09-23 07:00:00,41.65265946115288
2012-09-23 08:00:00,101.45883333333335
2012-09-23 09:00:00,184.9869555417073
2012-09-23 10:00:00,354.6448055555555
2012-09-23 11:00:00,445.75487301587293
2012-09-23 12:00:00,572.3752783918902
2012-09-23 13:00:00,589.4695580902094
2012-09-23 14:00:00,579.1012112788034
2012-09-23 15:00:00,566.4847874664305
2012-09-23 16:00:00,551.6505332284298
2012-09-23 17:00:00,426.43874428161865
2012-09-23 18:00:00,392.51053694735214
2012-09-23 19:00:00,250.26482239796894
2012-09-23 20:00:00,202.72126115194953
2012-09-23 21:00:00,155.15073855180148
2012-09-23 22:00:00,117.65157142857144
2012-09-23 23:00:00,88.88715295031055
2012-09-24 00:00:00,48.81619246750525
2012-09-24 01:00:00,19.651417358357737
2012-09-24 02:00:00,10.982475845909084
2012-09-24 03:00:00,6.111577698554523
2012-09-24 04:00:00,7.738476778704611
2012-09-24 05:00:00,34.24713333878251
2012-09-24 06:00:00,137.10059210526316
2012-09-24 07:00:00,369.4849711242864
2012-09-24 08:00:00,496.59107142857135
2012-09-24 09:00:00,282.96149116161615
2012-09-24 10:00:00,173.64081024223287
2012-09-24 11:00:00,203.87227984911368
2012-09-24 12:00:00,259.97714331080283
2012-09-24 13:00:00,272.8911000976522
2012-09-24 14:00:00,269.05283559742895
2012-09-24 15:00:00,277.48971272327765
2012-09-24 16:00:00,422.06486212910335
2012-09-24 17:00:00,811.5263459040959
2012-09-24 18:00:00,810.3759681331827
2012-09-24 19:00:00,445.0402054424334
2012-09-24 20:00:00,285.82389915622684
2012-09-24 21:00:00,227.75841658476784
2012-09-24 22:00:00,145.89460816814767
2012-09-24 23:00:00,89.64142433261185
2012-09-25 00:00:00,46.8619738293388
2012-09-25 01:00:00,20.92880464064
2012-09-25 02:00:00,8.529285727077719
2012-09-25 03:00:00,5.734496411206672
2012-09-25 04:00:00,6.453475391489291
2012-09-25 05:00:00,34.744247280959804
2012-09-25 06:00:00,152.3112538708142
2012-09-25 07:00:00,406.28170995670996
2012-09-25 08:00:00,553.1349116300366
2012-09-25 09:00:00,293.0308772004849
2012-09-25 10:00:00,172.9592735712278
2012-09-25 11:00:00,193.72280808547268
2012-09-25 12:00:00,250.25137335584063
2012-09-25 13:00:00,248.65650481500742
2012-09-25 14:00:00,252.46824689432412
2012-09-25 15:00:00,272.88760474770214
2012-09-25 16:00:00,456.13646741871753
2012-09-25 17:00:00,862.9124510130208
2012-09-25 18:00:00,853.5695588838774
2012-09-25 19:00:00,482.0980605785379
2012-09-25 20:00:00,348.63831767489546
2012-09-25 21:00:00,247.21892003210462
2012-09-25 22:00:00,174.80280309168248
2012-09-25 23:00:00,106.00649096736598
2012-09-26 00:00:00,41.83538415764598
2012-09-26 01:00:00,17.11388928867861
2012-09-26 02:00:00,8.315776835849212
2012-09-26 03:00:00,5.337802275035183
2012-09-26 04:00:00,6.327741659850358
2012-09-26 05:00:00,34.74025217137294
2012-09-26 06:00:00,154.06793647619943
2012-09-26 07:00:00,465.9297468339023
2012-09-26 08:00:00,579.8777799284048
2012-09-26 09:00:00,318.5959271527665
2012-09-26 10:00:00,164.83345086736878
2012-09-26 11:00:00,213.64220141265375
2012-09-26 12:00:00,270.4949410215524
2012-09-26 13:00:00,258.4029130086407
2012-09-26 14:00:00,228.12526920016182
2012-09-26 15:00:00,227.90458517599888
2012-09-26 16:00:00,375.48980104624644
2012-09-26 17:00:00,647.8032187959249
2012-09-26 18:00:00,723.7425819367655
2012-09-26 19:00:00,506.4866776828427
2012-09-26 20:00:00,395.8979595032056
2012-09-26 21:00:00,276.4252428635567
2012-09-26 22:00:00,179.76998851447073
2012-09-26 23:00:00,97.06637258085051
2012-09-27 00:00:00,55.2489685180667
2012-09-27 01:00:00,21.773074789761804
2012-09-27 02:00:00,13.65809674864106
2012-09-27 03:00:00,7.10920322309283
2012-09-27 04:00:00,6.1982137615465005
2012-09-27 05:00:00,32.879020540077214
2012-09-27 06:00:00,144.99420640072876
2012-09-27 07:00:00,385.23613498844213
2012-09-27 08:00:00,627.3185279865652
2012-09-27 09:00:00,322.6657283611856
2012-09-27 10:00:00,160.17852580389228
2012-09-27 11:00:00,203.18645500448125
2012-09-27 12:00:00,249.17112472703172
2012-09-27 13:00:00,243.06581558009032
2012-09-27 14:00:00,246.14266925685519
2012-09-27 15:00:00,252.37753470670614
2012-09-27 16:00:00,346.9816947438968
2012-09-27 17:00:00,745.5483326303089
2012-09-27 18:00:00,731.348385952534
2012-09-27 19:00:00,578.6681347770805
2012-09-27 20:00:00,391.03183952866607
2012-09-27 21:00:00,155.68436858599705
2012-09-27 22:00:00,136.14773702686205
2012-09-27 23:00:00,75.76569047619047
2012-09-28 00:00:00,46.585337301587316
2012-09-28 01:00:00,20.65174404761905
2012-09-28 02:00:00,9.491674523790621
2012-09-28 03:00:00,6.920102021229472
2012-09-28 04:00:00,5.261737440375415
2012-09-28 05:00:00,32.0265279561768
2012-09-28 06:00:00,119.52963403063487
2012-09-28 07:00:00,414.30608791208795
2012-09-28 08:00:00,589.2510417843026
2012-09-28 09:00:00,277.1913786033991
2012-09-28 10:00:00,184.09466072113068
2012-09-28 11:00:00,219.81506218085312
2012-09-28 12:00:00,363.0213179835853
2012-09-28 13:00:00,363.57460046499284
2012-09-28 14:00:00,358.91738220408695
2012-09-28 15:00:00,331.48270796860015
2012-09-28 16:00:00,397.61381248401557
2012-09-28 17:00:00,625.2510946500946
2012-09-28 18:00:00,647.6630257350855
2012-09-28 19:00:00,478.8757988087288
2012-09-28 20:00:00,385.3990272964206
2012-09-28 21:00:00,197.17687493746197
2012-09-28 22:00:00,206.62298056810872
2012-09-28 23:00:00,139.94054064260115
2012-09-29 00:00:00,153.15854154432523
2012-09-29 01:00:00,106.04745675086616
2012-09-29 02:00:00,60.091613886113876
2012-09-29 03:00:00,39.9470762987013
2012-09-29 04:00:00,20.007745803100494
2012-09-29 05:00:00,17.586103648481096
2012-09-29 06:00:00,32.42887957728545
2012-09-29 07:00:00,64.32321350652272
2012-09-29 08:00:00,130.8198313492063
2012-09-29 09:00:00,220.69916243739834
2012-09-29 10:00:00,395.7769027777778
2012-09-29 11:00:00,458.016253968254
2012-09-29 12:00:00,601.9363467296131
2012-09-29 13:00:00,599.0458509272934
2012-09-29 14:00:00,580.493955420635
2012-09-29 15:00:00,581.2208432564594
2012-09-29 16:00:00,588.0585624421983
2012-09-29 17:00:00,604.6213034700645
2012-09-29 18:00:00,384.97834880087333
2012-09-29 19:00:00,270.278199442114
2012-09-29 20:00:00,230.44088903780576
2012-09-29 21:00:00,204.34584512653157
2012-09-29 22:00:00,182.5254604212147
2012-09-29 23:00:00,147.446190018315
2012-09-30 00:00:00,119.63077612226952
2012-09-30 01:00:00,94.55016214271575
2012-09-30 02:00:00,67.4755133462552
2012-09-30 03:00:00,34.49833857334187
2012-09-30 04:00:00,9.452970194860416
2012-09-30 05:00:00,8.691081036033594
2012-09-30 06:00:00,24.69538266283614
2012-09-30 07:00:00,51.59302800115262
2012-09-30 08:00:00,101.75954141691642
2012-09-30 09:00:00,219.39082240374228
2012-09-30 10:00:00,361.40666666666664
2012-09-30 11:00:00,526.7904534105231
2012-09-30 12:00:00,597.4636156042664
2012-09-30 13:00:00,592.9294044214794
2012-09-30 14:00:00,580.9914363385002
2012-09-30 15:00:00,583.506546602634
2012-09-30 16:00:00,600.5628667823253
2012-09-30 17:00:00,539.900752112194
2012-09-30 18:00:00,393.0971754667117
2012-09-30 19:00:00,234.81849347739976
2012-09-30 20:00:00,203.21580344603592
2012-09-30 21:00:00,151.7905367739754
2012-09-30 22:00:00,111.18094345238094
2012-09-30 23:00:00,79.17452043789545
2012-10-20 00:00:00,114.05961180521761
2012-10-20 01:00:00,80.84836232179372
2012-10-20 02:00:00,68.08807111638363
2012-10-20 03:00:00,25.07691590538804
2012-10-20 04:00:00,8.0767906032082
2012-10-20 05:00:00,9.143410535449288
2012-10-20 06:00:00,22.03017962264596
2012-10-20 07:00:00,57.12006177375256
2012-10-20 08:00:00,123.1103867243867
2012-10-20 09:00:00,232.8880139352745
2012-10-20 10:00:00,373.69866666666667
2012-10-20 11:00:00,457.7633320517202
2012-10-20 12:00:00,571.0816990612171
2012-10-20 13:00:00,573.7345323458657
2012-10-20 14:00:00,591.7396038676588
2012-10-20 15:00:00,575.0904316374539
2012-10-20 16:00:00,485.82315666120337
2012-10-20 17:00:00,464.27837505639656
2012-10-20 18:00:00,403.9628771367521
2012-10-20 19:00:00,254.17302158985672
2012-10-20 20:00:00,230.22529655910748
2012-10-20 21:00:00,190.02854811724524
2012-10-20 22:00:00,170.1534215261292
2012-10-20 23:00:00,164.43968568196505
2012-10-21 00:00:00,116.1933146692395
2012-10-21 01:00:00,90.84578964409339
2012-10-21 02:00:00,67.27130491730492
2012-10-21 03:00:00,33.84359525089635
2012-10-21 04:00:00,8.760799956447782
2012-10-21 05:00:00,8.884011594278988
2012-10-21 06:00:00,22.302709187742085
2012-10-21 07:00:00,46.25454199446924
2012-10-21 08:00:00,85.01213528138527
2012-10-21 09:00:00,218.271336528048
2012-10-21 10:00:00,352.798
2012-10-21 11:00:00,422.68561336032394
2012-10-21 12:00:00,436.67592245095335
2012-10-21 13:00:00,481.6528746346172
2012-10-21 14:00:00,566.1092962330013
2012-10-21 15:00:00,403.76528968352073
2012-10-21 16:00:00,566.7093269884194
2012-10-21 17:00:00,446.0500445848905
2012-10-21 18:00:00,410.8594236874237
2012-10-21 19:00:00,246.4470222218796
2012-10-21 20:00:00,216.24576326525676
2012-10-21 21:00:00,165.6801554598218
2012-10-21 22:00:00,105.72821428571429
2012-10-21 23:00:00,79.7075
2012-10-22 00:00:00,40.30911640400241
2012-10-22 01:00:00,14.880434111919156
2012-10-22 02:00:00,8.289937487909329
2012-10-22 03:00:00,6.071147155765858
2012-10-22 04:00:00,7.615974217501187
2012-10-22 05:00:00,32.039147203231
2012-10-22 06:00:00,128.30368439398043
2012-10-22 07:00:00,400.7342380952381
2012-10-22 08:00:00,650.2595793650795
2012-10-22 09:00:00,248.7764487179487
2012-10-22 10:00:00,168.05782185976076
2012-10-22 11:00:00,197.7815260865339
2012-10-22 12:00:00,260.01047260649415
2012-10-22 13:00:00,283.61082699459826
2012-10-22 14:00:00,274.0048727191551
2012-10-22 15:00:00,284.7829023179087
2012-10-22 16:00:00,514.3531305368667
2012-10-22 17:00:00,849.3956855660148
2012-10-22 18:00:00,604.7693853155016
2012-10-22 19:00:00,388.4385588154493
2012-10-22 20:00:00,291.41704709150395
2012-10-22 21:00:00,195.75443548810108
2012-10-22 22:00:00,132.98463272504435
2012-10-22 23:00:00,82.4760689580028
2012-10-23 00:00:00,39.61118890378534
2012-10-23 01:00:00,18.925871123344262
2012-10-23 02:00:00,6.278717796541308
2012-10-23 03:00:00,6.197135583433087
2012-10-23 04:00:00,6.711477211631858
2012-10-23 05:00:00,35.122070256252925
2012-10-23 06:00:00,122.4940660784724
2012-10-23 07:00:00,384.5955826118327
2012-10-23 08:00:00,694.1160238095239
2012-10-23 09:00:00,267.54926244588734
2012-10-23 10:00:00,162.68110246612792
2012-10-23 11:00:00,197.07040420388373
2012-10-23 12:00:00,255.91715306122126
2012-10-23 13:00:00,254.0604857021018
2012-10-23 14:00:00,255.96339405834587
2012-10-23 15:00:00,258.95559691194177
2012-10-23 16:00:00,392.4223155071558
2012-10-23 17:00:00,881.5968021313664
2012-10-23 18:00:00,649.7173352638587
2012-10-23 19:00:00,449.56643493188915
2012-10-23 20:00:00,353.9200185069501
2012-10-23 21:00:00,240.8636895504457
2012-10-23 22:00:00,173.0998298021423
2012-10-23 23:00:00,93.81485548895552
2012-10-24 00:00:00,41.93394029709779
2012-10-24 01:00:00,17.37645847663318
2012-10-24 02:00:00,9.089104912999344
2012-10-24 03:00:00,6.30164942082236
2012-10-24 04:00:00,6.788439280451149
2012-10-24 05:00:00,36.73157724652553
2012-10-24 06:00:00,149.88914096737778
2012-10-24 07:00:00,396.6750198412699
2012-10-24 08:00:00,555.6036038706836
2012-10-24 09:00:00,289.3225688820983
2012-10-24 10:00:00,162.59425677107868
2012-10-24 11:00:00,183.4201953591668
2012-10-24 12:00:00,268.69039211142467
2012-10-24 13:00:00,269.3968107571785
2012-10-24 14:00:00,276.8601746972032
2012-10-24 15:00:00,278.68894740141064
2012-10-24 16:00:00,529.8752168628872
2012-10-24 17:00:00,714.4548672254871
2012-10-24 18:00:00,855.1520208594422
2012-10-24 19:00:00,480.8413066360676
2012-10-24 20:00:00,408.75226912837394
2012-10-24 21:00:00,258.67944983113176
2012-10-24 22:00:00,186.10454960364316
2012-10-24 23:00:00,110.77222142857143
2012-10-25 00:00:00,51.00384308441693
2012-10-25 01:00:00,21.42234918120183
2012-10-25 02:00:00,10.214762501554304
2012-10-25 03:00:00,5.960070118606669
2012-10-25 04:00:00,6.320807831940514
2012-10-25 05:00:00,32.888188164360855
2012-10-25 06:00:00,137.17040328996828
2012-10-25 07:00:00,400.9523647879898
2012-10-25 08:00:00,539.836301583102
2012-10-25 09:00:00,309.91373589359983
2012-10-25 10:00:00,145.6102462055441
2012-10-25 11:00:00,140.16190922689538
2012-10-25 12:00:00,201.5848657900465
2012-10-25 13:00:00,197.20462203529772
2012-10-25 14:00:00,214.64885079899187
2012-10-25 15:00:00,269.5316858436065
2012-10-25 16:00:00,366.4352026228849
2012-10-25 17:00:00,707.7043951276805
2012-10-25 18:00:00,257.3246536796537
2012-10-25 19:00:00,257.25275
2012-10-25 20:00:00,195.11000653343206
2012-10-25 21:00:00,179.20826920940897
2012-10-25 22:00:00,188.00477163547603
2012-10-25 23:00:00,106.51914961427465
2012-10-26 00:00:00,75.89588930035481
2012-10-26 01:00:00,22.650976708074538
2012-10-26 02:00:00,9.577532561557584
2012-10-26 03:00:00,6.3228426300873934
2012-10-26 04:00:00,6.373087388261497
2012-10-26 05:00:00,33.103024596732254
2012-10-26 06:00:00,133.0214683005316
2012-10-26 07:00:00,404.0770532800533
2012-10-26 08:00:00,535.7317275707385
2012-10-26 09:00:00,302.5659834521321
2012-10-26 10:00:00,173.69653573946817
2012-10-26 11:00:00,192.7012729158498
2012-10-26 12:00:00,228.80192733757158
2012-10-26 13:00:00,226.7418014431443
2012-10-26 14:00:00,321.1729020072729
2012-10-26 15:00:00,319.09173125486564
2012-10-26 16:00:00,327.86683475660016
2012-10-26 17:00:00,439.7684632034632
2012-10-26 18:00:00,388.6711525974026
2012-10-26 19:00:00,242.1508138528138
2012-10-26 20:00:00,178.67727321849995
2012-10-26 21:00:00,218.27392505094423
2012-10-26 22:00:00,173.76164751266268
2012-10-26 23:00:00,142.60895390720393
2012-10-27 00:00:00,120.72729290883268
2012-10-27 01:00:00,86.00843446135002
2012-10-27 02:00:00,60.60411034798534
2012-10-27 03:00:00,40.31931493532267
2012-10-27 04:00:00,13.498119726953359
2012-10-27 05:00:00,19.124383030914323
2012-10-27 06:00:00,26.388073882471108
2012-10-27 07:00:00,63.68609532353611
2012-10-27 08:00:00,132.48356746031746
2012-10-27 09:00:00,201.3419133034044
2012-10-27 10:00:00,383.15302165157925
2012-10-27 11:00:00,470.5590045518207
2012-10-27 12:00:00,610.1952822328984
2012-10-27 13:00:00,558.1533947283441
2012-10-27 14:00:00,518.2773353093874
2012-10-27 15:00:00,412.5530531135531
2012-10-27 16:00:00,414.77092399267394
2012-10-27 17:00:00,413.3170341117217
2012-10-27 18:00:00,407.506296474359
2012-10-27 19:00:00,276.65685428464536
2012-10-27 20:00:00,246.670580860484
2012-10-27 21:00:00,192.39784522135795
2012-10-27 22:00:00,158.32993273355802
2012-10-27 23:00:00,122.43871320346318
2012-10-28 00:00:00,104.04991017316017
2012-10-28 01:00:00,88.6455858315661
2012-10-28 02:00:00,78.15841364734301
2012-10-28 03:00:00,38.729255494505495
2012-10-28 04:00:00,15.843284424922341
2012-10-28 05:00:00,20.060028041209435
2012-10-28 06:00:00,21.40289787336846
2012-10-28 07:00:00,38.13912103174603
2012-10-28 08:00:00,92.68216666666667
2012-10-28 09:00:00,204.02871381927196
2012-10-28 10:00:00,292.0394444444445
2012-10-28 11:00:00,428.388373015873
2012-10-28 12:00:00,335.9962926587302
2012-10-28 13:00:00,345.60345932539684
2012-10-28 14:00:00,389.8280491044903
2012-10-28 15:00:00,385.82174098124096
2012-10-28 16:00:00,279.40839285714287
2012-10-28 17:00:00,223.045
2012-10-28 18:00:00,119.08333333333334
2012-10-28 19:00:00,97.65149929971989
2012-10-28 20:00:00,95.37274929971989
2012-10-28 21:00:00,95.85898391812866
2012-10-28 22:00:00,74.17575
2012-10-28 23:00:00,67.42580952380952
2012-10-29 00:00:00,24.839843882588
2012-10-30 13:00:00,77.67043043068044
2012-10-30 14:00:00,77.39570820845822
2012-10-30 15:00:00,69.17285588023087
2012-10-30 16:00:00,86.28368127705627
2012-10-30 17:00:00,163.1
2012-10-30 18:00:00,158.79
2012-10-30 19:00:00,427.4094997178497
2012-10-30 20:00:00,179.0476359015073
2012-10-30 21:00:00,156.3156304567395
2012-10-30 22:00:00,129.242419526469
2012-10-30 23:00:00,80.58742528468264
2012-10-31 00:00:00,35.39003068246264
2012-10-31 01:00:00,12.306391164801765
2012-10-31 02:00:00,5.183886160828995
2012-10-31 03:00:00,5.456602995623704
2012-10-31 04:00:00,5.835340974410525
2012-10-31 05:00:00,29.02931926541523
2012-10-31 06:00:00,134.19124963176122
2012-10-31 07:00:00,335.7724468462824
2012-10-31 08:00:00,487.8289341491842
2012-10-31 09:00:00,279.80013455988455
2012-10-31 10:00:00,153.25911728659
2012-10-31 11:00:00,168.363321574814
2012-10-31 12:00:00,254.41462680903302
2012-10-31 13:00:00,266.45471200129066
2012-10-31 14:00:00,270.52538738684837
2012-10-31 15:00:00,265.38419825077085
2012-10-31 16:00:00,343.1393735325821
2012-10-31 17:00:00,581.1516961022356
2012-10-31 18:00:00,564.5162039133103
2012-10-31 19:00:00,501.39931605567637
2012-10-31 20:00:00,300.3100704170492
2012-10-31 21:00:00,215.6650501261567
2012-10-31 22:00:00,144.79696964570996
2012-10-31 23:00:00,112.72305914183859
2012-11-20 00:00:00,29.866849128152992
2012-11-20 01:00:00,13.713151571176038
2012-11-20 02:00:00,5.5820735688687
2012-11-20 03:00:00,5.070859308116777
2012-11-20 04:00:00,6.646728856981903
2012-11-20 05:00:00,36.311111933206966
2012-11-20 06:00:00,126.29310948846474
2012-11-20 07:00:00,301.14960300372144
2012-11-20 08:00:00,478.645574897325
2012-11-20 09:00:00,239.60977872127876
2012-11-20 10:00:00,136.09099286647668
2012-11-20 11:00:00,141.41872656340368
2012-11-20 12:00:00,188.08913595866622
2012-11-20 13:00:00,199.85301510916165
2012-11-20 14:00:00,197.63201821134274
2012-11-20 15:00:00,198.67652076046147
2012-11-20 16:00:00,275.53496881072573
2012-11-20 17:00:00,491.14262509874845
2012-11-20 18:00:00,466.49930028008356
2012-11-20 19:00:00,314.566813267619
2012-11-20 20:00:00,203.9021599195088
2012-11-20 21:00:00,177.121569569131
2012-11-20 22:00:00,122.0253722748734
2012-11-20 23:00:00,71.88299500662737
2012-11-21 00:00:00,29.48420782656329
2012-11-21 01:00:00,12.314941942977317
2012-11-21 02:00:00,4.215704200624513
2012-11-21 03:00:00,5.1413786782947515
2012-11-21 04:00:00,5.609421121367159
2012-11-21 05:00:00,24.65172921435296
2012-11-21 06:00:00,94.16047385620914
2012-11-21 07:00:00,317.6364502259437
2012-11-21 08:00:00,459.0078710178711
2012-11-21 09:00:00,259.7740904234654
2012-11-21 10:00:00,151.73686754112083
2012-11-21 11:00:00,195.981145938004
2012-11-21 12:00:00,218.8179702706209
2012-11-21 13:00:00,224.62282602859005
2012-11-21 14:00:00,241.42733551642155
2012-11-21 15:00:00,248.41470161479984
2012-11-21 16:00:00,331.4851185708038
2012-11-21 17:00:00,519.5960837233685
2012-11-21 18:00:00,451.3285944179229
2012-11-21 19:00:00,363.73166369913196
2012-11-21 20:00:00,233.55370575062273
2012-11-21 21:00:00,205.85698987892505
2012-11-21 22:00:00,136.77892531613824
2012-11-21 23:00:00,99.89263011253453
2012-11-22 00:00:00,73.30059917421758
2012-11-22 01:00:00,46.62882142857143
2012-11-22 02:00:00,19.32378316118114
2012-11-22 03:00:00,7.419432830139632
2012-11-22 04:00:00,7.382627766255484
2012-11-22 05:00:00,16.792194216602113
2012-11-22 06:00:00,41.0780591270496
2012-11-22 07:00:00,173.89
2012-11-22 08:00:00,225.38275000000002
2012-11-22 09:00:00,276.1186425339367
2012-11-22 10:00:00,211.73827740129335
2012-11-22 11:00:00,231.27391325550593
2012-11-22 12:00:00,267.87550223019764
2012-11-22 13:00:00,276.5937330539389
2012-11-22 14:00:00,309.09369217014944
2012-11-22 15:00:00,313.17271330056946
2012-11-22 16:00:00,333.95331969947586
2012-11-22 17:00:00,380.7260035103785
2012-11-22 18:00:00,284.7552014652015
2012-11-22 19:00:00,261.2070625583567
2012-11-22 20:00:00,208.22297720615006
2012-11-22 21:00:00,179.22169696867343
2012-11-22 22:00:00,146.41511110178052
2012-11-22 23:00:00,112.54452792492594
2012-11-23 00:00:00,53.88112308786601
2012-11-23 01:00:00,20.889998533471356
2012-11-23 02:00:00,10.88679498541534
2012-11-23 03:00:00,7.570116516721274
2012-11-23 04:00:00,7.253241412438141
2012-11-23 05:00:00,24.37806016272265
2012-11-23 06:00:00,92.4201663165266
2012-11-23 07:00:00,288.78492244816584
2012-11-23 08:00:00,549.3684166666667
2012-11-23 09:00:00,285.3240474664224
2012-11-23 10:00:00,169.31365345466202
2012-11-23 11:00:00,212.2795439128292
2012-11-23 12:00:00,272.72568227844135
2012-11-23 13:00:00,285.26204417752416
2012-11-23 14:00:00,349.7342780450592
2012-11-23 15:00:00,337.26217381342343
2012-11-23 16:00:00,334.9116493599802
2012-11-23 17:00:00,494.40970887415716
2012-11-23 18:00:00,522.6751051699416
2012-11-23 19:00:00,402.7663747351504
2012-11-23 20:00:00,260.8239742401778
2012-11-23 21:00:00,177.54304627415814
2012-11-23 22:00:00,143.7266185468728
2012-11-23 23:00:00,108.453876984127
2012-11-24 00:00:00,94.12012292960661
2012-11-24 01:00:00,69.76099929971988
2012-11-24 02:00:00,38.25433333333333
2012-11-24 03:00:00,15.207975732600733
2012-11-24 04:00:00,6.879370193531957
2012-11-24 05:00:00,6.309050117774383
2012-11-24 06:00:00,17.633168831168835
2012-11-24 07:00:00,41.18283333333333
2012-11-24 08:00:00,111.44375
2012-11-24 09:00:00,168.60778403078405
2012-11-24 10:00:00,193.27666666666664
2012-11-24 11:00:00,221.32146753246755
2012-11-24 12:00:00,259.12925
2012-11-24 13:00:00,292.3758297258297
2012-11-24 14:00:00,273.0930238095238
2012-11-24 15:00:00,259.35724999999996
2012-11-24 16:00:00,231.08125
2012-11-24 17:00:00,201.52666666666664
2012-11-24 18:00:00,197.4175
2012-11-24 19:00:00,151.98001576061353
2012-11-24 20:00:00,142.07901768487972
2012-11-24 21:00:00,105.50791124105903
2012-11-24 22:00:00,99.51942831820956
2012-11-24 23:00:00,75.27033333333333
2012-11-25 00:00:00,61.659833333333324
2012-11-25 01:00:00,66.62633333333333
2012-11-25 02:00:00,40.93875
2012-11-25 03:00:00,17.923063492063488
2012-11-25 04:00:00,7.578100836663338
2012-11-25 05:00:00,6.535058802308803
2012-11-25 06:00:00,18.46104436856247
2012-11-25 07:00:00,38.509224937343355
2012-11-25 08:00:00,116.31035714285714
2012-11-25 09:00:00,149.6567667887668
2012-11-25 10:00:00,171.54375
2012-11-25 11:00:00,214.49296753246753
2012-11-25 12:00:00,230.20186904761903
2012-11-25 13:00:00,231.0463690476191
2012-11-25 14:00:00,243.53951190476192
2012-11-25 15:00:00,225.01251190476188
2012-11-25 16:00:00,231.33040692640694
2012-11-25 17:00:00,167.85708333333335
2012-11-25 18:00:00,162.12208333333334
2012-11-25 19:00:00,155.90733077353548
2012-11-25 20:00:00,127.36165861580085
2012-11-25 21:00:00,107.71311540263814
2012-11-25 22:00:00,62.31166666666667
2012-11-25 23:00:00,45.14366666666667
2012-11-26 00:00:00,25.458622474747475
2012-11-26 01:00:00,13.928894599004822
2012-11-26 02:00:00,5.051359943889701
2012-11-26 03:00:00,5.36514184489853
2012-11-26 04:00:00,7.047397988685198
2012-11-26 05:00:00,34.314768999956684
2012-11-26 06:00:00,116.07140548340547
2012-11-26 07:00:00,348.96010606060605
2012-11-26 08:00:00,618.827376984127
2012-11-26 09:00:00,319.9654843489844
2012-11-26 10:00:00,188.558680980319
2012-11-26 11:00:00,191.21385519711876
2012-11-26 12:00:00,218.70552970386663
2012-11-26 13:00:00,220.35440172767616
2012-11-26 14:00:00,224.0124742683331
2012-11-26 15:00:00,223.2602428930447
2012-11-26 16:00:00,317.72253276266724
2012-11-26 17:00:00,455.3018158930412
2012-11-26 18:00:00,495.89646802727947
2012-11-26 19:00:00,304.6814349745417
2012-11-26 20:00:00,236.32033030209197
2012-11-26 21:00:00,189.09261509763007
2012-11-26 22:00:00,120.92685354933649
2012-11-26 23:00:00,74.33719475377563
2012-11-27 00:00:00,30.642219313745436
2012-11-27 01:00:00,14.719507743726178
2012-11-27 02:00:00,6.004418739410414
2012-11-27 03:00:00,4.698753467084459
2012-11-27 04:00:00,6.264399905547143
2012-11-27 05:00:00,22.92035538593999
2012-11-27 06:00:00,103.91688930187458
2012-11-27 07:00:00,164.08791666666667
2012-11-27 08:00:00,201.7975833333333
2012-11-27 09:00:00,232.6421477688978
2012-11-27 10:00:00,73.68520391414141
2012-11-27 11:00:00,63.770570977633476
2012-11-27 12:00:00,65.6952839105339
2012-11-27 13:00:00,60.405435245310244
2012-11-27 14:00:00,65.85712121212121
2012-11-27 15:00:00,187.6865756640557
2012-11-27 16:00:00,204.3673050814783
2012-11-27 17:00:00,452.3623077222644
2012-11-27 18:00:00,440.13825759933866
2012-11-27 19:00:00,301.4152578594651
2012-11-27 20:00:00,188.1422836913661
2012-11-27 21:00:00,156.1413930673654
2012-11-27 22:00:00,118.76390423151726
2012-11-27 23:00:00,75.48533906289788
2012-11-28 00:00:00,45.79905104617605
2012-11-28 01:00:00,32.29580523563337
2012-11-28 02:00:00,12.098996559918737
2012-11-28 03:00:00,5.233788975858213
2012-11-28 04:00:00,6.485363018550572
2012-11-28 05:00:00,34.427637221926595
2012-11-28 06:00:00,133.63283815964735
2012-11-28 07:00:00,371.66107383590213
2012-11-28 08:00:00,562.2169532967033
2012-11-28 09:00:00,316.5484682686596
2012-11-28 10:00:00,181.5923275927371
2012-11-28 11:00:00,178.6163001547513
2012-11-28 12:00:00,186.17713104244322
2012-11-28 13:00:00,226.0256067916816
2012-11-28 14:00:00,224.57690279527725
2012-11-28 15:00:00,206.95417146921037
2012-11-28 16:00:00,264.9593191098576
2012-11-28 17:00:00,442.7350655350618
2012-11-28 18:00:00,472.4706838802122
2012-11-28 19:00:00,315.3979437021312
2012-11-28 20:00:00,237.73912925304504
2012-11-28 21:00:00,157.45315750915753
2012-11-28 22:00:00,111.39972797018183
2012-11-28 23:00:00,81.76572877122877
2012-11-29 00:00:00,41.685303796046725
2012-11-29 01:00:00,20.782288037439965
2012-11-29 02:00:00,7.814594127468349
2012-11-29 04:00:00,5.927834596164092
2012-11-29 05:00:00,32.68289649535972
2012-11-29 06:00:00,117.72095310245311
2012-11-29 07:00:00,340.89364772727276
2012-11-29 08:00:00,557.4383914141415
2012-11-29 09:00:00,310.1280733849484
2012-11-29 10:00:00,145.92411411138605
2012-11-29 11:00:00,210.02958937906757
2012-11-29 12:00:00,228.70688899063822
2012-11-29 13:00:00,233.0647195036811
2012-11-29 14:00:00,214.3014798442811
2012-11-29 15:00:00,225.56490036521637
2012-11-29 16:00:00,317.2566607128426
2012-11-29 17:00:00,456.47730216299465
2012-11-29 18:00:00,511.51247555898016
2012-11-29 19:00:00,346.54076659774313
2012-11-29 20:00:00,173.51055991307257
2012-11-29 21:00:00,159.26462850102354
2012-11-29 22:00:00,135.63347090641625
2012-11-29 23:00:00,113.77855402382707
2012-11-30 00:00:00,44.908309748427676
2012-11-30 01:00:00,25.645416666666662
2012-11-30 02:00:00,10.792060858431217
2012-11-30 03:00:00,7.798750498960581
2012-11-30 04:00:00,7.486954275829257
2012-11-30 05:00:00,22.994734765897256
2012-11-30 06:00:00,86.66929131652661
2012-11-30 07:00:00,281.00446505468216
2012-11-30 08:00:00,511.41374999999994
2012-11-30 09:00:00,275.16504746642244
2012-11-30 10:00:00,166.59777872107642
2012-11-30 11:00:00,191.94143563161026
2012-11-30 12:00:00,220.4266130896765
2012-11-30 13:00:00,255.26339295359264
2012-11-30 14:00:00,246.3170644258802
2012-11-30 15:00:00,262.8066929174917
2012-11-30 16:00:00,310.3501418451929
2012-11-30 17:00:00,549.6853567165149
2012-11-30 18:00:00,395.6278350702801
2012-11-30 19:00:00,284.7914202717261
2012-11-30 20:00:00,211.17627177881445
2012-11-30 21:00:00,161.81882309297004
2012-11-30 22:00:00,128.3286241576123
2012-11-30 23:00:00,123.22587343358394
2012-12-20 00:00:00,41.583195593690554
2012-12-20 01:00:00,17.40363907188462
2012-12-20 02:00:00,8.64742160100517
2012-12-20 03:00:00,4.837672669483536
2012-12-20 04:00:00,6.3675733667881556
2012-12-20 05:00:00,31.05272364942633
2012-12-20 06:00:00,115.27183333333332
2012-12-20 07:00:00,301.79893832118177
2012-12-20 08:00:00,532.9370266955269
2012-12-20 09:00:00,250.9991362387612
2012-12-20 10:00:00,159.84131899350845
2012-12-20 11:00:00,152.56928085451153
2012-12-20 12:00:00,202.5583113627706
2012-12-20 13:00:00,196.82753824201015
2012-12-20 14:00:00,197.31959535933962
2012-12-20 15:00:00,189.24523627686642
2012-12-20 16:00:00,174.39255499633836
2012-12-20 17:00:00,453.5785769801329
2012-12-20 18:00:00,417.3196767837168
2012-12-20 19:00:00,220.64111255411254
2012-12-20 20:00:00,176.42330446070943
2012-12-20 21:00:00,147.46569970278605
2012-12-20 22:00:00,78.88429487179488
2012-12-20 23:00:00,67.72968772893775
2012-12-21 00:00:00,43.86866666666667
2012-12-21 01:00:00,20.01445238095238
2012-12-21 02:00:00,8.926944839147778
2012-12-21 03:00:00,5.159424027452169
2012-12-21 04:00:00,7.388184883083625
2012-12-21 05:00:00,24.171224086421976
2012-12-21 06:00:00,106.75074404761902
2012-12-21 07:00:00,299.92487032304086
2012-12-21 08:00:00,548.55123015873
2012-12-21 09:00:00,263.2954459109731
2012-12-21 10:00:00,166.95107338970286
2012-12-21 11:00:00,156.22161497441388
2012-12-21 12:00:00,158.2600445596662
2012-12-21 13:00:00,159.5383982470153
2012-12-21 14:00:00,168.73893192312363
2012-12-21 15:00:00,158.00543809242245
2012-12-21 16:00:00,171.24657702917924
2012-12-21 17:00:00,420.56735186322635
2012-12-21 18:00:00,391.7935294945766
2012-12-21 19:00:00,232.08997198561676
2012-12-21 20:00:00,151.1799614835752
2012-12-21 21:00:00,149.64632274342287
2012-12-21 22:00:00,95.69175259646758
2012-12-21 23:00:00,67.42218500480998
2012-12-22 00:00:00,62.28605882352941
2012-12-22 01:00:00,53.32843977591037
2012-12-22 02:00:00,44.38446428571429
2012-12-22 03:00:00,16.794124999999998
2012-12-22 04:00:00,8.12736260011918
2012-12-22 05:00:00,6.1552873376623385
2012-12-22 06:00:00,13.675220306513408
2012-12-22 07:00:00,28.9475
2012-12-22 08:00:00,91.30666666666666
2012-12-22 09:00:00,144.14297007058656
2012-12-22 10:00:00,189.75082467532465
2012-12-22 11:00:00,229.26775252525252
2012-12-22 12:00:00,250.00116666666665
2012-12-22 13:00:00,257.4381309523809
2012-12-22 14:00:00,262.5586309523809
2012-12-22 15:00:00,257.2933333333333
2012-12-22 16:00:00,250.61427380952384
2012-12-22 17:00:00,203.6445998289345
2012-12-22 18:00:00,197.63037815126052
2012-12-22 19:00:00,141.7950553801123
2012-12-22 20:00:00,128.31963127610854
2012-12-22 21:00:00,104.07330176744912
2012-12-22 22:00:00,79.84898177456071
2012-12-22 23:00:00,59.873292328042325
2012-12-23 00:00:00,62.51197619047618
2012-12-23 01:00:00,64.66844047619047
2012-12-23 02:00:00,48.78158928571429
2012-12-23 03:00:00,24.464958333333335
2012-12-23 04:00:00,8.542333333333335
2012-12-23 05:00:00,7.745526667776668
2012-12-23 06:00:00,8.373238095238095
2012-12-23 07:00:00,22.448333333333334
2012-12-23 08:00:00,73.30689484126984
2012-12-23 09:00:00,105.98591683519246
2012-12-23 10:00:00,177.09583333333336
2012-12-23 11:00:00,177.21166666666667
2012-12-23 12:00:00,247.41829896313365
2012-12-23 13:00:00,268.1444384920635
2012-12-23 14:00:00,289.2875833333334
2012-12-23 15:00:00,297.51178686591186
2012-12-23 16:00:00,300.2686515012765
2012-12-23 17:00:00,222.59768432262183
2012-12-23 18:00:00,184.24263761401994
2012-12-23 19:00:00,173.3864745156138
2012-12-23 20:00:00,103.44818836320775
2012-12-23 21:00:00,85.58946516130068
2012-12-23 22:00:00,81.06445268620266
2012-12-23 23:00:00,54.89337698412698
2012-12-24 00:00:00,24.578971681096682
2012-12-24 01:00:00,14.009818520975397
2012-12-24 02:00:00,5.134269549000942
2012-12-24 03:00:00,4.792900591115495
2012-12-24 05:00:00,20.81532319727332
2012-12-24 06:00:00,95.25634920634923
2012-12-24 07:00:00,269.0077083333333
2012-12-24 08:00:00,463.9894166666667
2012-12-24 09:00:00,234.542830817733
2012-12-24 10:00:00,119.17458619488839
2012-12-24 11:00:00,127.20784347510606
2012-12-24 12:00:00,143.11853424195385
2012-12-24 13:00:00,107.08377876985202
2012-12-24 14:00:00,105.03244960431725
2012-12-24 15:00:00,113.93882062455089
2012-12-24 16:00:00,130.63487144872667
2012-12-24 17:00:00,158.24713636363637
2012-12-24 18:00:00,148.40157177033493
2012-12-24 19:00:00,276.2261888528138
2012-12-24 20:00:00,128.235971737327
2012-12-24 21:00:00,106.20266104728606
2012-12-24 22:00:00,77.34403882995035
2012-12-24 23:00:00,44.046916666666675
2012-12-25 00:00:00,57.11083333333333
2012-12-25 01:00:00,40.880463768115945
2012-12-25 02:00:00,23.926266121031748
2012-12-25 04:00:00,8.345914835822702
2012-12-25 05:00:00,12.504861111111111
2012-12-25 06:00:00,36.31432142857143
2012-12-25 07:00:00,165.82
2012-12-25 08:00:00,257.82416666666666
2012-12-25 09:00:00,210.19518181818177
2012-12-25 10:00:00,119.70696663623713
2012-12-25 11:00:00,124.21357837324719
2012-12-25 12:00:00,163.73057703455893
2012-12-25 13:00:00,182.2791134513645
2012-12-25 14:00:00,175.35073157353543
2012-12-25 15:00:00,179.59143243959198
2012-12-25 16:00:00,204.40747279485396
2012-12-25 17:00:00,242.23532207353455
2012-12-25 18:00:00,230.834185006435
2012-12-25 19:00:00,225.36377976190474
2012-12-25 20:00:00,140.6748855253456
2012-12-25 21:00:00,116.25772473739653
2012-12-25 22:00:00,92.6238338799751
2012-12-25 23:00:00,60.35410714285714
2012-12-26 00:00:00,47.72114363560416
2012-12-26 01:00:00,33.14830290469764
2012-12-26 02:00:00,15.090998914724594
2012-12-26 03:00:00,4.03102811816393
2012-12-26 04:00:00,5.300234652316714
2012-12-26 05:00:00,24.840650995995524
2012-12-26 06:00:00,107.80623809523811
2012-12-26 07:00:00,101.87366666666667
2012-12-26 08:00:00,139.994375
2012-12-26 09:00:00,101.2521085858586
2012-12-26 10:00:00,50.505935846560845
2012-12-26 11:00:00,54.82369047619047
2012-12-26 12:00:00,54.38793498168498
2012-12-26 13:00:00,52.430434981684975
2012-12-26 14:00:00,65.29782292429792
2012-12-26 15:00:00,77.5793953907204
2012-12-26 16:00:00,83.89251993284495
2012-12-26 17:00:00,98.92913636363637
2012-12-26 18:00:00,103.15582934609249
2012-12-26 19:00:00,130.19556439393938
2012-12-26 20:00:00,73.94772259031818
2012-12-26 21:00:00,119.63499089735151
2012-12-26 22:00:00,50.25
2012-12-26 23:00:00,46.56060185185184
2012-12-27 00:00:00,28.045527777777778
2012-12-27 01:00:00,10.729543953510259
2012-12-27 02:00:00,11.591610912425175
2012-12-27 03:00:00,4.403121586725802
2012-12-27 04:00:00,5.09850660207838
2012-12-27 05:00:00,26.391447637270222
2012-12-27 06:00:00,102.67301587301588
2012-12-27 07:00:00,272.94589377181427
2012-12-27 08:00:00,491.3614583333333
2012-12-27 09:00:00,244.97302456842672
2012-12-27 10:00:00,145.8263192862693
2012-12-27 11:00:00,144.1583444333308
2012-12-27 12:00:00,158.44309314393024
2012-12-27 13:00:00,155.62578072024283
2012-12-27 14:00:00,149.52803880847037
2012-12-27 15:00:00,150.20309670963354
2012-12-27 16:00:00,143.99646753231053
2012-12-27 17:00:00,403.91328215691084
2012-12-27 18:00:00,375.17455214032157
2012-12-27 19:00:00,275.4873874111999
2012-12-27 20:00:00,138.31693365942263
2012-12-27 21:00:00,121.39217569265693
2012-12-27 22:00:00,90.35943653368189
2012-12-27 23:00:00,61.67240019240019
2012-12-28 00:00:00,55.7415992063492
2012-12-28 01:00:00,22.8802387057387
2012-12-28 02:00:00,10.67273551911052
2012-12-28 03:00:00,6.340278291387079
2012-12-28 04:00:00,6.611666486668466
2012-12-28 05:00:00,30.41300072756228
2012-12-28 06:00:00,94.94727272727272
2012-12-28 07:00:00,273.34679961597016
2012-12-28 08:00:00,545.9733796897547
2012-12-28 09:00:00,250.55175879537106
2012-12-28 10:00:00,124.39396903692504
2012-12-28 11:00:00,135.45810786543788
2012-12-28 12:00:00,156.86833179286802
2012-12-28 13:00:00,155.74908013493987
2012-12-28 14:00:00,154.7817157888391
2012-12-28 15:00:00,164.7852078013137
2012-12-28 16:00:00,161.62471438481225
2012-12-28 17:00:00,391.95804234817405
2012-12-28 18:00:00,360.64639271865735
2012-12-28 19:00:00,273.5721220723721
2012-12-28 20:00:00,129.3308809556171
2012-12-28 21:00:00,115.99798800435141
2012-12-28 22:00:00,91.00333553470759
2012-12-28 23:00:00,68.7574583333333
2012-12-29 00:00:00,74.91166666666668
2012-12-29 01:00:00,66.01896825396825
2012-12-29 02:00:00,49.91326923076923
2012-12-29 03:00:00,14.400551587301589
2012-12-29 04:00:00,6.969177836869012
2012-12-29 05:00:00,6.459484655050833
2012-12-29 06:00:00,12.753696496989601
2012-12-29 07:00:00,39.330000000000005
2012-12-29 08:00:00,101.54952777777778
2012-12-29 09:00:00,144.6427606958648
2012-12-29 10:00:00,222.76916666666668
2012-12-29 11:00:00,203.92590909090907
2012-12-29 12:00:00,187.13625
2012-12-29 13:00:00,187.55625
2012-12-29 14:00:00,219.70592282238252
2012-12-29 15:00:00,220.12001373147345
2012-12-29 16:00:00,201.61751373147342
2012-12-29 17:00:00,174.2352637314734
2012-12-29 18:00:00,168.49728934817168
2012-12-29 19:00:00,120.17796954214022
2012-12-29 20:00:00,141.6367937461407
2012-12-29 21:00:00,120.80382083302591
2012-12-29 22:00:00,101.22124901845467
2012-12-29 23:00:00,65.52611904761905
2012-12-30 00:00:00,74.87841666666667
2012-12-30 01:00:00,52.78371428571429
2012-12-30 02:00:00,48.114464285714284
2012-12-30 03:00:00,18.658125
2012-12-30 04:00:00,6.491074564324562
2012-12-30 05:00:00,6.340702380952382
2012-12-30 06:00:00,9.640511904761905
2012-12-30 07:00:00,17.715970238095238
2012-12-30 08:00:00,82.58
2012-12-30 09:00:00,126.07381712962965
2012-12-30 10:00:00,199.508125
2012-12-30 11:00:00,205.79410714285711
2012-12-30 12:00:00,232.68658333333332
2012-12-30 13:00:00,248.002
2012-12-30 14:00:00,255.75410714285715
2012-12-30 15:00:00,238.01877904040407
2012-12-30 16:00:00,220.71577380952382
2012-12-30 17:00:00,202.32705816226786
2012-12-30 18:00:00,180.64223529411763
2012-12-30 19:00:00,156.0256741987947
2012-12-30 20:00:00,118.67579361320217
2012-12-30 21:00:00,88.94065828062745
2012-12-30 22:00:00,52.80563492063493
2012-12-30 23:00:00,46.95419047619047
2012-12-31 00:00:00,27.789474747474753
2012-12-31 01:00:00,13.385738231883352
2012-12-31 02:00:00,5.964773288395447
2012-12-31 03:00:00,4.8919823856630265
2012-12-31 04:00:00,5.97066314807429
2012-12-31 05:00:00,24.952643517218252
2012-12-31 06:00:00,100.59933333333335
2012-12-31 07:00:00,277.90003376997396
2012-12-31 08:00:00,412.2670562770563
2012-12-31 09:00:00,235.4147895811917
2012-12-31 10:00:00,104.71827246985016
2012-12-31 11:00:00,121.80118256510463
2012-12-31 12:00:00,139.2523882474453
2012-12-31 13:00:00,149.4423069393461
2012-12-31 14:00:00,147.84922907547886
2012-12-31 15:00:00,162.1481410525562
2012-12-31 16:00:00,155.8823524004453
2012-12-31 17:00:00,360.8254122868619
2012-12-31 18:00:00,360.24151929369657
2012-12-31 19:00:00,281.23160720529467
2012-12-31 20:00:00,149.06979619060982
2012-12-31 21:00:00,126.24282437128696
2012-12-31 22:00:00,102.7587483822124
2012-12-31 23:00:00,59.45537927350427
